受賞作,著者,賞タイトル,著者__受賞・最終候補作,ISBN10,calil,ImageURL
13階段,高野和明,江戸川乱歩賞,高野和明__13階段,406274838X,,https://sktn3pub.s3.us-east-2.amazonaws.com/no_image.jpg
1R1分34秒,町屋良平,芥川賞,町屋良平__1R1分34秒,4103522712,https://calil.jp/book/4103522712,https://images-na.ssl-images-amazon.com/images/P/4103522712.09.LZZZZZZZ
4TEEN フォーティーン,石田衣良,直木賞,石田衣良__4TEENフォーティーン,4101250510,https://calil.jp/book/4104595012,https://images-na.ssl-images-amazon.com/images/P/4104595012.09.LZZZZZZZ
52ヘルツのクジラたち,町田そのこ,本屋大賞,町田そのこ__52ヘルツのクジラたち,4122073707,https://calil.jp/book/4120052982,https://images-na.ssl-images-amazon.com/images/P/4120052982.09.LZZZZZZZ
GO,金城一紀,直木賞,金城一紀__GO,8937831090,https://calil.jp/book/4062100541,https://images-na.ssl-images-amazon.com/images/P/4062100541.09.LZZZZZZZ
QJKJQ,佐藤究,江戸川乱歩賞,佐藤究__QJKJQ,4065125901,https://calil.jp/book/4062202190,https://images-na.ssl-images-amazon.com/images/P/4062202190.09.LZZZZZZZ
Twelve Y. O.,福井晴敏,江戸川乱歩賞,福井晴敏__Twelve Y. O.,4062731665,,https://sktn3pub.s3.us-east-2.amazonaws.com/no_image.jpg
あかね空,山本一力,直木賞,山本一力__あかね空,416767002X,,https://sktn3pub.s3.us-east-2.amazonaws.com/no_image.jpg
あさくさの子供,長谷健,芥川賞,長谷健__あさくさの子供,,,https://sktn3pub.s3.us-east-2.amazonaws.com/no_image.jpg
あの夕陽,日野啓三,芥川賞,日野啓三__あの夕陽,4061983091,,https://sktn3pub.s3.us-east-2.amazonaws.com/no_image.jpg
いつか汽笛を鳴らして,畑山博,芥川賞,畑山博__いつか汽笛を鳴らして,416740401X,,https://sktn3pub.s3.us-east-2.amazonaws.com/no_image.jpg
おいしいごはんが食べられますように,高瀬隼子,芥川賞,高瀬隼子__おいしいごはんが食べられますように,4065274095,https://calil.jp/book/4065274095,https://images-na.ssl-images-amazon.com/images/P/4065274095.09.LZZZZZZZ
おちくぼ姫,田辺聖子,本屋大賞,田辺聖子__おちくぼ姫,4041314232,https://calil.jp/book/4167903504,https://images-na.ssl-images-amazon.com/images/P/4167903504.09.LZZZZZZZ
おどるでく,室井光広,芥川賞,室井光広__おどるでく,4122073839,,https://sktn3pub.s3.us-east-2.amazonaws.com/no_image.jpg
おらおらでひとりいぐも,若竹千佐子,芥川賞,若竹千佐子__おらおらでひとりいぐも,4309026370,https://calil.jp/book/4309026370,https://images-na.ssl-images-amazon.com/images/P/4309026370.09.LZZZZZZZ
お吟さま,今東光,直木賞,今東光__お吟さま,4101080011,,https://sktn3pub.s3.us-east-2.amazonaws.com/no_image.jpg
かがみの孤城,辻村深月,本屋大賞,辻村深月__かがみの孤城,4591153320,https://calil.jp/book/4591153320,https://images-na.ssl-images-amazon.com/images/P/4591153320.09.LZZZZZZZ
きことわ,朝吹真理子,芥川賞,朝吹真理子__きことわ,4101251819,https://calil.jp/book/4103284625,https://images-na.ssl-images-amazon.com/images/P/4103284625.09.LZZZZZZZ
きれぎれ,町田康,芥川賞,町田康__きれぎれ,4167653036,,https://sktn3pub.s3.us-east-2.amazonaws.com/no_image.jpg
この世の喜びよ,井戸川射子,芥川賞,井戸川射子__この世の喜びよ,4065296838,https://calil.jp/book/4065296838,https://images-na.ssl-images-amazon.com/images/P/4065296838.09.LZZZZZZZ
この人の閾,保坂和志,芥川賞,保坂和志__この人の閾,4103982020,,https://sktn3pub.s3.us-east-2.amazonaws.com/no_image.jpg
この胸に深々と突き刺さる矢を抜け,白石一文,山本周五郎賞,白石一文__この胸に深々と突き刺さる矢を抜け,4062771152,https://calil.jp/book/4062152428,https://images-na.ssl-images-amazon.com/images/P/4062152428.09.LZZZZZZZ
されどわれらが日々──,柴田翔,芥川賞,柴田翔__されどわれらが日々──,4167102013,,https://sktn3pub.s3.us-east-2.amazonaws.com/no_image.jpg
しょっぱいドライブ,大道珠貴,芥川賞,大道珠貴__しょっぱいドライブ,4163217606,,https://sktn3pub.s3.us-east-2.amazonaws.com/no_image.jpg
しろがねの葉,千早茜,直木賞,千早茜__しろがねの葉,4103341947,https://calil.jp/book/4103341947,https://images-na.ssl-images-amazon.com/images/P/4103341947.09.LZZZZZZZ
しんせかい,山下澄人,芥川賞,山下澄人__しんせかい,4101015813,https://calil.jp/book/4103503610,https://images-na.ssl-images-amazon.com/images/P/4103503610.09.LZZZZZZZ
そして、バトンは渡された,瀬尾まいこ,本屋大賞,瀬尾まいこ__そして、バトンは渡された,4163907955,https://calil.jp/book/4163907955,https://images-na.ssl-images-amazon.com/images/P/4163907955.09.LZZZZZZZ
それぞれの終楽章,阿部牧郎,直木賞,阿部牧郎__それぞれの終楽章,4062036398,,https://sktn3pub.s3.us-east-2.amazonaws.com/no_image.jpg
つまをめとらば,青山文平,直木賞,青山文平__つまをめとらば,4865965335,https://calil.jp/book/4163902929,https://images-na.ssl-images-amazon.com/images/P/4163902929.09.LZZZZZZZ
てんのじ村,難波利三,直木賞,難波利三__てんのじ村,4167432021,,https://sktn3pub.s3.us-east-2.amazonaws.com/no_image.jpg
ともぐい,河崎秋子,直木賞,河崎秋子__ともぐい,4103553413,https://calil.jp/book/4103553413,https://images-na.ssl-images-amazon.com/images/P/4103553413.09.LZZZZZZZ
ない仕事の作り方,みうらじゅん,本屋大賞,みうらじゅん__ない仕事の作り方,4163903690,https://calil.jp/book/4167911663,https://images-na.ssl-images-amazon.com/images/P/4167911663.09.LZZZZZZZ
はぐれ念仏,寺内大吉,直木賞,寺内大吉__はぐれ念仏,4059003239,,https://sktn3pub.s3.us-east-2.amazonaws.com/no_image.jpg
ひとり日和,青山七恵,芥川賞,青山七恵__ひとり日和,4860553926,,https://sktn3pub.s3.us-east-2.amazonaws.com/no_image.jpg
ふがいない僕は空を見た,窪美澄,山本周五郎賞,窪美澄__ふがいない僕は空を見た,4101391416,https://calil.jp/book/4103259213,https://images-na.ssl-images-amazon.com/images/P/4103259213.09.LZZZZZZZ
ほかならぬ人へ,白石一文,直木賞,白石一文__ほかならぬ人へ,4396338104,https://calil.jp/book/4396633289,https://images-na.ssl-images-amazon.com/images/P/4396633289.09.LZZZZZZZ
ぼくらの時代,栗本薫,江戸川乱歩賞,栗本薫__ぼくらの時代,4062759330,,https://sktn3pub.s3.us-east-2.amazonaws.com/no_image.jpg
ぼっけえ、きょうてえ,岩井志麻子,山本周五郎賞,岩井志麻子__ぼっけえ、きょうてえ,4043596014,,https://sktn3pub.s3.us-east-2.amazonaws.com/no_image.jpg
まほろ駅前多田便利軒,三浦しをん,直木賞,三浦しをん__まほろ駅前多田便利軒,4167761017,https://calil.jp/book/4167761017,https://images-na.ssl-images-amazon.com/images/P/4167761017.09.LZZZZZZZ
むらさきのスカートの女,今村夏子,芥川賞,今村夏子__むらさきのスカートの女,4022516127,https://calil.jp/book/402265046X,https://images-na.ssl-images-amazon.com/images/P/402265046X.09.LZZZZZZZ
やまあいの煙,重兼芳子,芥川賞,重兼芳子__やまあいの煙,416305510X,,https://sktn3pub.s3.us-east-2.amazonaws.com/no_image.jpg
ようこそ、ヒュナム洞書店へ,ファン・ボルム（著）牧野実加（訳）,本屋大賞,ファン・ボルム__ようこそ、ヒュナム洞書店へ,4087735249,https://calil.jp/book/4087735249,https://images-na.ssl-images-amazon.com/images/P/4087735249.09.LZZZZZZZ
よろずのことに気をつけよ,川瀬七緒,江戸川乱歩賞,川瀬七緒__よろずのことに気をつけよ,4062776243,https://calil.jp/book/4062776243,https://images-na.ssl-images-amazon.com/images/P/4062776243.09.LZZZZZZZ
れくいえむ,郷静子,芥川賞,郷静子__れくいえむ,416714901X,,https://sktn3pub.s3.us-east-2.amazonaws.com/no_image.jpg
わたしが消える,佐野広実,江戸川乱歩賞,佐野広実__わたしが消える,4065211204,https://calil.jp/book/4065211204,https://images-na.ssl-images-amazon.com/images/P/4065211204.09.LZZZZZZZ
われら闇より天を見る,クリス・ウィタカー,本屋大賞,クリス・ウィタカー__われら闇より天を見る,4152101571,https://calil.jp/book/4152101571,https://images-na.ssl-images-amazon.com/images/P/4152101571.09.LZZZZZZZ
アカシヤの大連,清岡卓行,芥川賞,清岡卓行__アカシヤの大連,4061960040,,https://sktn3pub.s3.us-east-2.amazonaws.com/no_image.jpg
アサッテの人,諏訪哲史,芥川賞,諏訪哲史__アサッテの人,4062767007,https://calil.jp/book/4062142147,https://images-na.ssl-images-amazon.com/images/P/4062142147.09.LZZZZZZZ
アトラス伝説,井出孫六,直木賞,井出孫六__アトラス伝説,4167257017,,https://sktn3pub.s3.us-east-2.amazonaws.com/no_image.jpg
アメリカひじき・火垂るの墓,野坂昭如,直木賞,野坂昭如__アメリカひじき・火垂るの墓,4101112037,,https://sktn3pub.s3.us-east-2.amazonaws.com/no_image.jpg
アメリカン・スクール,小島信夫,芥川賞,小島信夫__アメリカン・スクール,4801000622,,https://sktn3pub.s3.us-east-2.amazonaws.com/no_image.jpg
アルキメデスは手を汚さない,小峰元,江戸川乱歩賞,小峰元__アルキメデスは手を汚さない,4062755033,,https://sktn3pub.s3.us-east-2.amazonaws.com/no_image.jpg
イエスの裔,柴田錬三郎,直木賞,柴田錬三郎__イエスの裔,,,https://sktn3pub.s3.us-east-2.amazonaws.com/no_image.jpg
エイジ,重松清,山本周五郎賞,重松清__エイジ,4101349169,,https://sktn3pub.s3.us-east-2.amazonaws.com/no_image.jpg
エーゲ海に捧ぐ,池田満寿夫,芥川賞,池田満寿夫__エーゲ海に捧ぐ,4877092099,,https://sktn3pub.s3.us-east-2.amazonaws.com/no_image.jpg
オキナワの少年,東峰夫,芥川賞,東峰夫__オキナワの少年,4167247011,,https://sktn3pub.s3.us-east-2.amazonaws.com/no_image.jpg
カクテル・パーティー,大城立裕,芥川賞,大城立裕__カクテル・パーティー,4652071132,,https://sktn3pub.s3.us-east-2.amazonaws.com/no_image.jpg
カタコンベ,神山裕右,江戸川乱歩賞,神山裕右__カタコンベ,4062758121,,https://sktn3pub.s3.us-east-2.amazonaws.com/no_image.jpg
カディスの赤い星,逢坂剛,直木賞,逢坂剛__カディスの赤い星,4062756404,,https://sktn3pub.s3.us-east-2.amazonaws.com/no_image.jpg
カラマーゾフの兄妹,高野史緒,江戸川乱歩賞,高野史緒__カラマーゾフの兄妹,4062178508,,https://sktn3pub.s3.us-east-2.amazonaws.com/no_image.jpg
グランド･フィナーレ,阿部和重,芥川賞,阿部和重__グランド･フィナーレ,4062757753,,https://sktn3pub.s3.us-east-2.amazonaws.com/no_image.jpg
ゲルマニウムの夜,花村萬月,芥川賞,花村萬月__ゲルマニウムの夜,4163180702,,https://sktn3pub.s3.us-east-2.amazonaws.com/no_image.jpg
ゲームの王国,小川哲,山本周五郎賞,小川哲__ゲームの王国,4150314055,https://calil.jp/book/4152096799,https://images-na.ssl-images-amazon.com/images/P/4152096799.09.LZZZZZZZ
コシャマイン記,鶴田知也,芥川賞,鶴田知也__コシャマイン記,4062900440,,https://sktn3pub.s3.us-east-2.amazonaws.com/no_image.jpg
コンビニ人間,村田沙耶香,芥川賞,村田沙耶香__コンビニ人間,4163906185,https://calil.jp/book/4163906185,https://images-na.ssl-images-amazon.com/images/P/4163906185.09.LZZZZZZZ
ゴールデンスランバー,伊坂幸太郎,山本周五郎賞 | 本屋大賞,伊坂幸太郎__ゴールデンスランバー,410125026X,https://calil.jp/book/4104596035,https://images-na.ssl-images-amazon.com/images/P/4104596035.09.LZZZZZZZ
サラバ！,西加奈子,直木賞,西加奈子__サラバ！,409386392X,https://calil.jp/book/409386392X,https://images-na.ssl-images-amazon.com/images/P/409386392X.09.LZZZZZZZ
サンショウウオの四十九日,朝比奈秋,芥川賞,朝比奈秋__サンショウウオの四十九日,4103557311,https://calil.jp/book/4103557311,https://images-na.ssl-images-amazon.com/images/P/4103557311.09.LZZZZZZZ
ザリガニの鳴くところ,ディーリア・オーウェンズ,本屋大賞,ディーリア・オーウェンズ__ザリガニの鳴くところ,4152099194,https://calil.jp/book/4152099194,https://images-na.ssl-images-amazon.com/images/P/4152099194.09.LZZZZZZZ
ザ・ロイヤルファミリー,早見和真,山本周五郎賞,早見和真__ザ・ロイヤルファミリー,4103361522,https://calil.jp/book/4103361522,https://images-na.ssl-images-amazon.com/images/P/4103361522.09.LZZZZZZZ
ジョン萬次郎漂流記・その他,井伏鱒二,直木賞,井伏鱒二__ジョン萬次郎漂流記・その他,4036523902,,https://sktn3pub.s3.us-east-2.amazonaws.com/no_image.jpg
スクラップ・アンド・ビルド,羽田圭介,芥川賞,羽田圭介__スクラップ・アンド・ビルド,4163903402,https://calil.jp/book/4167910667,https://images-na.ssl-images-amazon.com/images/P/4167910667.09.LZZZZZZZ
スティル・ライフ,池澤夏樹,芥川賞,池澤夏樹__スティル・ライフ,486239293,,https://sktn3pub.s3.us-east-2.amazonaws.com/no_image.jpg
ソウル・ミュージック・ラバーズ・オンリー,山田詠美,直木賞,山田詠美__ソウル・ミュージック・ラバーズ・オンリー,4877284753,,https://sktn3pub.s3.us-east-2.amazonaws.com/no_image.jpg
タイムスリップ・コンビナート,笙野頼子,芥川賞,笙野頼子__タイムスリップ・コンビナート,4167592010,,https://sktn3pub.s3.us-east-2.amazonaws.com/no_image.jpg
ダイヤモンドダスト,南木佳士,芥川賞,南木佳士__ダイヤモンドダスト,4167545012,,https://sktn3pub.s3.us-east-2.amazonaws.com/no_image.jpg
ツミデミック,一穂ミチ,直木賞,一穂ミチ__ツミデミック,4334101399,https://calil.jp/book/4334101399,https://images-na.ssl-images-amazon.com/images/P/4334101399.09.LZZZZZZZ
テスカトリポカ,佐藤究,山本周五郎賞 | 直木賞,佐藤究__テスカトリポカ,4041146186,https://calil.jp/book/4041096987,https://images-na.ssl-images-amazon.com/images/P/4041096987.09.LZZZZZZZ
テロリストのパラソル,藤原伊織,江戸川乱歩賞 | 直木賞,藤原伊織__テロリストのパラソル,4043847017,,https://sktn3pub.s3.us-east-2.amazonaws.com/no_image.jpg
ナイト・ダンサー,鳴海章,江戸川乱歩賞,鳴海章__ナイト・ダンサー,4061857231,,https://sktn3pub.s3.us-east-2.amazonaws.com/no_image.jpg
ナイルパーチの女子会,柚木麻子,山本周五郎賞,柚木麻子__ナイルパーチの女子会,4163902295,https://calil.jp/book/4163902295,https://images-na.ssl-images-amazon.com/images/P/4163902295.09.LZZZZZZZ
ナポレオン狂,阿刀田高,直木賞,阿刀田高__ナポレオン狂,4061362356,,https://sktn3pub.s3.us-east-2.amazonaws.com/no_image.jpg
ナリン殿下への回想,橘外男,直木賞,橘外男__ナリン殿下への回想,4390109464,,https://sktn3pub.s3.us-east-2.amazonaws.com/no_image.jpg
ニムロッド,上田岳弘,芥川賞,上田岳弘__ニムロッド,4065224500,https://calil.jp/book/4065143470,https://images-na.ssl-images-amazon.com/images/P/4065143470.09.LZZZZZZZ
ニューギニヤ山岳戦,岡田誠三,直木賞,岡田誠三__ニューギニヤ山岳戦,,,https://sktn3pub.s3.us-east-2.amazonaws.com/no_image.jpg
ネコババのいる町で,瀧澤美恵子,芥川賞,瀧澤美恵子__ネコババのいる町で,4167172038,,https://sktn3pub.s3.us-east-2.amazonaws.com/no_image.jpg
ノワールをまとう女,神護かずみ,江戸川乱歩賞,神護かずみ__ノワールをまとう女,4065170974,https://calil.jp/book/4065170974,https://images-na.ssl-images-amazon.com/images/P/4065170974.09.LZZZZZZZ
ハヤカワ・ポケット・ミステリの出版,早川書房,江戸川乱歩賞,早川書房__ハヤカワ・ポケット・ミステリの出版,,,https://sktn3pub.s3.us-east-2.amazonaws.com/no_image.jpg
ハリガネムシ,吉村萬壱,芥川賞,吉村萬壱__ハリガネムシ,4163223401,,https://sktn3pub.s3.us-east-2.amazonaws.com/no_image.jpg
ハンチバック,市川沙央,芥川賞,市川沙央__ハンチバック,4163917128,https://calil.jp/book/4163917128,https://images-na.ssl-images-amazon.com/images/P/4163917128.09.LZZZZZZZ
バリ山行,松永K三蔵,芥川賞,松永K三蔵__バリ山行,4065369606,https://calil.jp/book/4065369606,https://images-na.ssl-images-amazon.com/images/P/4065369606.09.LZZZZZZZ
パレード,吉田修一,山本周五郎賞,吉田修一__パレード,4344405153,https://calil.jp/book/4344001559,https://images-na.ssl-images-amazon.com/images/P/4344001559.09.LZZZZZZZ
パーク・ライフ,吉田修一,芥川賞,吉田修一__パーク・ライフ,4167665034,https://calil.jp/book/4163211802,https://images-na.ssl-images-amazon.com/images/P/4163211802.09.LZZZZZZZ
ビタミンF,重松清,直木賞,重松清__ビタミンF,4101349150,,https://sktn3pub.s3.us-east-2.amazonaws.com/no_image.jpg
ファーストラヴ,島本理生,直木賞,島本理生__ファーストラヴ,4163908412,https://calil.jp/book/4163908412,https://images-na.ssl-images-amazon.com/images/P/4163908412.09.LZZZZZZZ
フェイク・マッスル,日野瑛太郎,江戸川乱歩賞,日野瑛太郎__フェイク・マッスル,4065361915,https://calil.jp/book/4065361915,https://images-na.ssl-images-amazon.com/images/P/4065361915.09.LZZZZZZZ
フェニックスの弔鐘,阿部陽一,江戸川乱歩賞,阿部陽一__フェニックスの弔鐘,406275195X,,https://sktn3pub.s3.us-east-2.amazonaws.com/no_image.jpg
ブエノスアイレス午前零時,藤沢周,芥川賞,藤沢周__ブエノスアイレス午前零時,4309413242,https://calil.jp/book/4309012337,https://images-na.ssl-images-amazon.com/images/P/4309012337.09.LZZZZZZZ
ブラックボックス,砂川文次,芥川賞,砂川文次__ブラックボックス,406527365X,https://calil.jp/book/406527365X,https://images-na.ssl-images-amazon.com/images/P/406527365X.09.LZZZZZZZ
プラスティック,井上夢人,本屋大賞,井上夢人__プラスティック,4575231886,https://calil.jp/book/4575231886,https://images-na.ssl-images-amazon.com/images/P/4575231886.09.LZZZZZZZ
プラナリア,山本文緒,直木賞,山本文緒__プラナリア,4167708019,,https://sktn3pub.s3.us-east-2.amazonaws.com/no_image.jpg
プラハからの道化たち,高柳芳夫,江戸川乱歩賞,高柳芳夫__プラハからの道化たち,4061830732,,https://sktn3pub.s3.us-east-2.amazonaws.com/no_image.jpg
プリズン・トリック,遠藤武文,江戸川乱歩賞,遠藤武文__プリズン・トリック,4062771551,https://calil.jp/book/4062157063,https://images-na.ssl-images-amazon.com/images/P/4062157063.09.LZZZZZZZ
プレオー8の夜明け,古山高麗雄,芥川賞,古山高麗雄__プレオー8の夜明け,4061982710,,https://sktn3pub.s3.us-east-2.amazonaws.com/no_image.jpg
プールサイド小景,庄野潤三,芥川賞,庄野潤三__プールサイド小景,4101139016,,https://sktn3pub.s3.us-east-2.amazonaws.com/no_image.jpg
ベティさんの庭,山本道子,芥川賞,山本道子__ベティさんの庭,4101160015,,https://sktn3pub.s3.us-east-2.amazonaws.com/no_image.jpg
ホテルローヤル,桜木紫乃,直木賞,桜木紫乃__ホテルローヤル,4087453251,https://calil.jp/book/4087714926,https://images-na.ssl-images-amazon.com/images/P/4087714926.09.LZZZZZZZ
ボロ家の春秋,梅崎春生,直木賞,梅崎春生__ボロ家の春秋,4122070759,,https://sktn3pub.s3.us-east-2.amazonaws.com/no_image.jpg
ポトスライムの舟,津村記久子,芥川賞,津村記久子__ポトスライムの舟,4062769298,https://calil.jp/book/4062152878,https://images-na.ssl-images-amazon.com/images/P/4062152878.09.LZZZZZZZ
マッチメイク,不知火京介,江戸川乱歩賞,不知火京介__マッチメイク,4062754800,,https://sktn3pub.s3.us-east-2.amazonaws.com/no_image.jpg
マークスの山,高村薫,直木賞,高村薫__マークスの山,4062734915,,https://sktn3pub.s3.us-east-2.amazonaws.com/no_image.jpg
モッキングバードのいる町,森禮子,芥川賞,森禮子__モッキングバードのいる町,4103351012,,https://sktn3pub.s3.us-east-2.amazonaws.com/no_image.jpg
モーツァルトは子守唄を歌わない,森雅裕,江戸川乱歩賞,森雅裕__モーツァルトは子守唄を歌わない,4061842560,,https://sktn3pub.s3.us-east-2.amazonaws.com/no_image.jpg
ユートピア,湊かなえ,山本周五郎賞,湊かなえ__ユートピア,4087457486,https://calil.jp/book/4087716376,https://images-na.ssl-images-amazon.com/images/P/4087716376.09.LZZZZZZZ
ルソンの谷間,江崎誠致,直木賞,江崎誠致__ルソンの谷間,4769800983,,https://sktn3pub.s3.us-east-2.amazonaws.com/no_image.jpg
一瞬の風になれ,佐藤多佳子,本屋大賞,佐藤多佳子__一瞬の風になれ,4062764083,https://calil.jp/book/4062135620,https://images-na.ssl-images-amazon.com/images/P/4062135620.09.LZZZZZZZ
一絃の琴,宮尾登美子,直木賞,宮尾登美子__一絃の琴,4062760282,,https://sktn3pub.s3.us-east-2.amazonaws.com/no_image.jpg
三匹の蟹,大庭みな子,芥川賞,大庭みな子__三匹の蟹,4061311204,,https://sktn3pub.s3.us-east-2.amazonaws.com/no_image.jpg
三十の反撃,ソン・ウォンピョン,本屋大賞,ソン・ウォンピョン__三十の反撃,4396636121,https://calil.jp/book/4396636121,https://images-na.ssl-images-amazon.com/images/P/4396636121.09.LZZZZZZZ
三年坂 火の夢,早瀬乱,江戸川乱歩賞,早瀬乱__三年坂 火の夢,4062764423,,https://sktn3pub.s3.us-east-2.amazonaws.com/no_image.jpg
上総風土記・その他,村上元三,直木賞,村上元三__上総風土記・その他,,,https://sktn3pub.s3.us-east-2.amazonaws.com/no_image.jpg
下町ロケット,池井戸潤,直木賞,池井戸潤__下町ロケット,4860556569,https://calil.jp/book/409407063X,https://images-na.ssl-images-amazon.com/images/P/409407063X.09.LZZZZZZZ
中庭の出来事,恩田陸,山本周五郎賞,恩田陸__中庭の出来事,410397107X,https://calil.jp/book/410397107X,https://images-na.ssl-images-amazon.com/images/P/410397107X.09.LZZZZZZZ
中陰の花,玄侑宗久,芥川賞,玄侑宗久__中陰の花,4167692015,,https://sktn3pub.s3.us-east-2.amazonaws.com/no_image.jpg
乗合馬車 他,中里恒子,芥川賞,中里恒子__乗合馬車他,,,https://sktn3pub.s3.us-east-2.amazonaws.com/no_image.jpg
乙女の密告,赤染晶子,芥川賞,赤染晶子__乙女の密告,4103276614,https://calil.jp/book/4103276614,https://images-na.ssl-images-amazon.com/images/P/4103276614.09.LZZZZZZZ
九年前の祈り,小野正嗣,芥川賞,小野正嗣__九年前の祈り,4062192926,https://calil.jp/book/4062192926,https://images-na.ssl-images-amazon.com/images/P/4062192926.09.LZZZZZZZ
九月の空,高橋三千綱,芥川賞,高橋三千綱__九月の空,4087444384,,https://sktn3pub.s3.us-east-2.amazonaws.com/no_image.jpg
乳と卵,川上未映子,芥川賞,川上未映子__乳と卵,4167791013,https://calil.jp/book/4163270108,https://images-na.ssl-images-amazon.com/images/P/4163270108.09.LZZZZZZZ
事件の核心,西村京太郎,江戸川乱歩賞,西村京太郎__事件の核心,4062777649,,https://sktn3pub.s3.us-east-2.amazonaws.com/no_image.jpg
二つの山河,中村彰彦,直木賞,中村彰彦__二つの山河,4167567032,,https://sktn3pub.s3.us-east-2.amazonaws.com/no_image.jpg
五十万年の死角,伴野朗,江戸川乱歩賞,伴野朗__五十万年の死角,4062649780,,https://sktn3pub.s3.us-east-2.amazonaws.com/no_image.jpg
五年の梅,乙川優三郎,山本周五郎賞,乙川優三郎__五年の梅,4101192219,,https://sktn3pub.s3.us-east-2.amazonaws.com/no_image.jpg
人生の阿呆,木々高太郎,直木賞,木々高太郎__人生の阿呆,4806021288,,https://sktn3pub.s3.us-east-2.amazonaws.com/no_image.jpg
人間万事塞翁が丙午,青島幸男,直木賞,青島幸男__人間万事塞翁が丙午,4938688042,,https://sktn3pub.s3.us-east-2.amazonaws.com/no_image.jpg
介護入門,モブ・ノリオ,芥川賞,モブ・ノリオ__介護入門,4167717433,,https://sktn3pub.s3.us-east-2.amazonaws.com/no_image.jpg
仮面法廷,和久峻三,江戸川乱歩賞,和久峻三__仮面法廷,4061360302,,https://sktn3pub.s3.us-east-2.amazonaws.com/no_image.jpg
伯林 一八八八年,海渡英祐,江戸川乱歩賞,海渡英祐__伯林 一八八八年,4062620952,,https://sktn3pub.s3.us-east-2.amazonaws.com/no_image.jpg
伸予,高橋揆一郎,芥川賞,高橋揆一郎__伸予,4167308010,,https://sktn3pub.s3.us-east-2.amazonaws.com/no_image.jpg
佃島ふたり書房,出久根達郎,直木賞,出久根達郎__佃島ふたり書房,4062055406,,https://sktn3pub.s3.us-east-2.amazonaws.com/no_image.jpg
佐川君からの手紙,唐十郎,芥川賞,唐十郎__佐川君からの手紙,4309409571,,https://sktn3pub.s3.us-east-2.amazonaws.com/no_image.jpg
何者,朝井リョウ,直木賞,朝井リョウ__何者,4103330619,https://calil.jp/book/4103330619,https://images-na.ssl-images-amazon.com/images/P/4103330619.09.LZZZZZZZ
僑人の檻,早乙女貢,直木賞,早乙女貢__僑人の檻,,,https://sktn3pub.s3.us-east-2.amazonaws.com/no_image.jpg
僕って何,三田誠広,芥川賞,三田誠広__僕って何,4309409245,,https://sktn3pub.s3.us-east-2.amazonaws.com/no_image.jpg
元首の謀叛,中村正軌,直木賞,中村正軌__元首の謀叛,4163060308,,https://sktn3pub.s3.us-east-2.amazonaws.com/no_image.jpg
光と影,渡辺淳一,直木賞,渡辺淳一__光と影,4062775581,,https://sktn3pub.s3.us-east-2.amazonaws.com/no_image.jpg
光媒の花,道尾秀介,山本周五郎賞,道尾秀介__光媒の花,4087468917,https://calil.jp/book/4087713377,https://images-na.ssl-images-amazon.com/images/P/4087713377.09.LZZZZZZZ
光抱く友よ,高樹のぶ子,芥川賞,高樹のぶ子__光抱く友よ,4101024111,,https://sktn3pub.s3.us-east-2.amazonaws.com/no_image.jpg
兜首・秋田口の兄弟,大池唯雄,直木賞,大池唯雄__兜首・秋田口の兄弟,,,https://sktn3pub.s3.us-east-2.amazonaws.com/no_image.jpg
八月のマルクス,新野剛志,江戸川乱歩賞,新野剛志__八月のマルクス,4062734613,,https://sktn3pub.s3.us-east-2.amazonaws.com/no_image.jpg
八月の御所グラウンド,万城目学,直木賞,万城目学__八月の御所グラウンド,4163917322,https://calil.jp/book/4163917322,https://images-na.ssl-images-amazon.com/images/P/4163917322.09.LZZZZZZZ
八月の路上に捨てる,伊藤たかみ,芥川賞,伊藤たかみ__八月の路上に捨てる,4163254005,,https://sktn3pub.s3.us-east-2.amazonaws.com/no_image.jpg
八百長,新橋遊吉,直木賞,新橋遊吉__八百長,4575500976,,https://sktn3pub.s3.us-east-2.amazonaws.com/no_image.jpg
共喰い,田中慎弥,芥川賞,田中慎弥__共喰い,4087450236,https://calil.jp/book/4087714470,https://images-na.ssl-images-amazon.com/images/P/4087714470.09.LZZZZZZZ
再会,横関大,江戸川乱歩賞,横関大__再会,4062164655,https://calil.jp/book/4062164655,https://images-na.ssl-images-amazon.com/images/P/4062164655.09.LZZZZZZZ
写楽殺人事件,高橋克彦,江戸川乱歩賞,高橋克彦__写楽殺人事件,4065381592,,https://sktn3pub.s3.us-east-2.amazonaws.com/no_image.jpg
冥土めぐり,鹿島田真希,芥川賞,鹿島田真希__冥土めぐり,4309021220,https://calil.jp/book/4309021220,https://images-na.ssl-images-amazon.com/images/P/4309021220.09.LZZZZZZZ
凍える牙,乃南アサ,直木賞,乃南アサ__凍える牙,4101425205,https://calil.jp/book/4103710098,https://images-na.ssl-images-amazon.com/images/P/4103710098.09.LZZZZZZZ
凍れる瞳・端島の女,西木正明,直木賞,西木正明__凍れる瞳・端島の女,4167534010,,https://sktn3pub.s3.us-east-2.amazonaws.com/no_image.jpg
切羽（きりは）へ,井上荒野,直木賞,井上荒野__切羽（きりは）へ,4104731021,,https://sktn3pub.s3.us-east-2.amazonaws.com/no_image.jpg
利休にたずねよ,山本兼一,直木賞,山本兼一__利休にたずねよ,456967546,https://calil.jp/book/4569702767,https://images-na.ssl-images-amazon.com/images/P/4569702767.09.LZZZZZZZ
到達不能極,斉藤詠一,江戸川乱歩賞,斉藤詠一__到達不能極,4065220963,https://calil.jp/book/4065130603,https://images-na.ssl-images-amazon.com/images/P/4065130603.09.LZZZZZZZ
剣の道殺人事件,鳥羽亮,江戸川乱歩賞,鳥羽亮__剣の道殺人事件,4061854410,,https://sktn3pub.s3.us-east-2.amazonaws.com/no_image.jpg
劉廣福,八木義徳,芥川賞,八木義徳__劉廣福,4093524262,,https://sktn3pub.s3.us-east-2.amazonaws.com/no_image.jpg
勝烏,穂積驚,直木賞,穂積驚__勝烏,,,https://sktn3pub.s3.us-east-2.amazonaws.com/no_image.jpg
北の河,高井有一,芥川賞,高井有一__北の河,4093523924,,https://sktn3pub.s3.us-east-2.amazonaws.com/no_image.jpg
北緯43度のコールドケース,伏尾美紀,江戸川乱歩賞,伏尾美紀__北緯43度のコールドケース,4065249961,https://calil.jp/book/4065249961,https://images-na.ssl-images-amazon.com/images/P/4065249961.09.LZZZZZZZ
博士の愛した数式,小川洋子,本屋大賞,小川洋子__博士の愛した数式,4860553152,,https://sktn3pub.s3.us-east-2.amazonaws.com/no_image.jpg
危険な関係,新章文子,江戸川乱歩賞,新章文子__危険な関係,4062638770,,https://sktn3pub.s3.us-east-2.amazonaws.com/no_image.jpg
厚物咲,中山義秀,芥川賞,中山義秀__厚物咲,4106201348,,https://sktn3pub.s3.us-east-2.amazonaws.com/no_image.jpg
原子炉の蟹,長井彬,江戸川乱歩賞,長井彬__原子炉の蟹,4061307940,,https://sktn3pub.s3.us-east-2.amazonaws.com/no_image.jpg
受け月,伊集院静,直木賞,伊集院静__受け月,4884191005,,https://sktn3pub.s3.us-east-2.amazonaws.com/no_image.jpg
叛乱,立野信之,直木賞,立野信之__叛乱,4059002755,,https://sktn3pub.s3.us-east-2.amazonaws.com/no_image.jpg
号泣する準備はできていた,江國香織,直木賞,江國香織__号泣する準備はできていた,4103808063,,https://sktn3pub.s3.us-east-2.amazonaws.com/no_image.jpg
吉原手引草,松井今朝子,直木賞,松井今朝子__吉原手引草,434401295X,https://calil.jp/book/434401295X,https://images-na.ssl-images-amazon.com/images/P/434401295X.09.LZZZZZZZ
吉野朝太平記,鷲尾雨工,直木賞,鷲尾雨工__吉野朝太平記,488195105X,,https://sktn3pub.s3.us-east-2.amazonaws.com/no_image.jpg
同志少女よ、敵を撃て,逢坂冬馬,本屋大賞,逢坂冬馬__同志少女よ、敵を撃て,4152100648,https://calil.jp/book/4152100648,https://images-na.ssl-images-amazon.com/images/P/4152100648.09.LZZZZZZZ
君たちに明日はない,垣根涼介,山本周五郎賞,垣根涼介__君たちに明日はない,4101329710,https://calil.jp/book/4104750018,https://images-na.ssl-images-amazon.com/images/P/4104750018.09.LZZZZZZZ
告白,湊かなえ,本屋大賞,湊かなえ__告白,4575302252,https://calil.jp/book/4575236284,https://images-na.ssl-images-amazon.com/images/P/4575236284.09.LZZZZZZZ
和紙,東野邊薫,芥川賞,東野邊薫__和紙,,,https://sktn3pub.s3.us-east-2.amazonaws.com/no_image.jpg
喪神,五味康祐,芥川賞,五味康祐__喪神,4093523940,,https://sktn3pub.s3.us-east-2.amazonaws.com/no_image.jpg
團十郎切腹事件,戸板康二,直木賞,戸板康二__團十郎切腹事件,448845801,,https://sktn3pub.s3.us-east-2.amazonaws.com/no_image.jpg
土の中の子供,中村文則,芥川賞,中村文則__土の中の子供,4101289522,,https://sktn3pub.s3.us-east-2.amazonaws.com/no_image.jpg
土の器,阪田寛夫,芥川賞,阪田寛夫__土の器,4167329018,,https://sktn3pub.s3.us-east-2.amazonaws.com/no_image.jpg
地中海,冨澤有爲男,芥川賞,冨澤有爲男__地中海,,,https://sktn3pub.s3.us-east-2.amazonaws.com/no_image.jpg
地図と拳,小川哲,直木賞,小川哲__地図と拳,4087718018,https://calil.jp/book/4087718018,https://images-na.ssl-images-amazon.com/images/P/4087718018.09.LZZZZZZZ
地雷グリコ,青崎有吾,山本周五郎賞,青崎有吾__地雷グリコ,404111165X,https://calil.jp/book/404111165X,https://images-na.ssl-images-amazon.com/images/P/404111165X.09.LZZZZZZZ
城外,小田嶽夫,芥川賞,小田嶽夫__城外,,,https://sktn3pub.s3.us-east-2.amazonaws.com/no_image.jpg
執行猶予,小山いと子,直木賞,小山いと子__執行猶予,,,https://sktn3pub.s3.us-east-2.amazonaws.com/no_image.jpg
塞王の楯,今村翔吾,直木賞,今村翔吾__塞王の楯,4087446573,https://calil.jp/book/4087717313,https://images-na.ssl-images-amazon.com/images/P/4087717313.09.LZZZZZZZ
塵の中,和田芳恵,直木賞,和田芳恵__塵の中,4093524858,,https://sktn3pub.s3.us-east-2.amazonaws.com/no_image.jpg
壁,安部公房,芥川賞,安部公房__壁,4101121028,,https://sktn3pub.s3.us-east-2.amazonaws.com/no_image.jpg
壁の花,今官一,直木賞,今官一__壁の花,,,https://sktn3pub.s3.us-east-2.amazonaws.com/no_image.jpg
夏の流れ,丸山健二,芥川賞,丸山健二__夏の流れ,4163011900,,https://sktn3pub.s3.us-east-2.amazonaws.com/no_image.jpg
夏の約束,藤野千夜,芥川賞,藤野千夜__夏の約束,4062100800,,https://sktn3pub.s3.us-east-2.amazonaws.com/no_image.jpg
夏姫春秋,宮城谷昌光,直木賞,宮城谷昌光__夏姫春秋,4163197508,,https://sktn3pub.s3.us-east-2.amazonaws.com/no_image.jpg
夜と霧の隅で,北杜夫,芥川賞,北杜夫__夜と霧の隅で,4101131015,,https://sktn3pub.s3.us-east-2.amazonaws.com/no_image.jpg
夜に星を放つ,窪美澄,直木賞,窪美澄__夜に星を放つ,4167923289,https://calil.jp/book/4163915419,https://images-na.ssl-images-amazon.com/images/P/4163915419.09.LZZZZZZZ
夜のピクニック,恩田陸,本屋大賞,恩田陸__夜のピクニック,4103971053,https://calil.jp/book/4103971053,https://images-na.ssl-images-amazon.com/images/P/4103971053.09.LZZZZZZZ
夜は短し歩けよ乙女,森見登美彦,山本周五郎賞,森見登美彦__夜は短し歩けよ乙女,4043878028,https://calil.jp/book/4048737449,https://images-na.ssl-images-amazon.com/images/P/4048737449.09.LZZZZZZZ
夢の壁,加藤幸子,芥川賞,加藤幸子__夢の壁,4103452013,,https://sktn3pub.s3.us-east-2.amazonaws.com/no_image.jpg
大いなる幻影,戸川昌子,江戸川乱歩賞,戸川昌子__大いなる幻影,4062620693,,https://sktn3pub.s3.us-east-2.amazonaws.com/no_image.jpg
大浪花諸人往来,有明夏夫,直木賞,有明夏夫__大浪花諸人往来,4041473012,,https://sktn3pub.s3.us-east-2.amazonaws.com/no_image.jpg
天使のナイフ,薬丸岳,江戸川乱歩賞,薬丸岳__天使のナイフ,4062130556,,https://sktn3pub.s3.us-east-2.amazonaws.com/no_image.jpg
天地明察,冲方丁,本屋大賞,冲方丁__天地明察,4041003180,https://calil.jp/book/404874013X,https://images-na.ssl-images-amazon.com/images/P/404874013X.09.LZZZZZZZ
天女の末裔,鳥井加南子,江戸川乱歩賞,鳥井加南子__天女の末裔,4062738473,,https://sktn3pub.s3.us-east-2.amazonaws.com/no_image.jpg
天才と狂人の間,杉森久英,直木賞,杉森久英__天才と狂人の間,430940409X,,https://sktn3pub.s3.us-east-2.amazonaws.com/no_image.jpg
天正女合戦・武道傳來記,海音寺潮五郎,直木賞,海音寺潮五郎__天正女合戦・武道傳來記,4394904587,,https://sktn3pub.s3.us-east-2.amazonaws.com/no_image.jpg
天皇の帽子,今日出海,直木賞,今日出海__天皇の帽子,412200859X,,https://sktn3pub.s3.us-east-2.amazonaws.com/no_image.jpg
太陽の季節,石原慎太郎,芥川賞,石原慎太郎__太陽の季節,434400213X,,https://sktn3pub.s3.us-east-2.amazonaws.com/no_image.jpg
女たちのジハード,篠田節子,直木賞,篠田節子__女たちのジハード,4087742393,,https://sktn3pub.s3.us-east-2.amazonaws.com/no_image.jpg
女のいくさ,佐藤得二,直木賞,佐藤得二__女のいくさ,,,https://sktn3pub.s3.us-east-2.amazonaws.com/no_image.jpg
妊娠カレンダー,小川洋子,芥川賞,小川洋子__妊娠カレンダー,4167557010,,https://sktn3pub.s3.us-east-2.amazonaws.com/no_image.jpg
子育てごっこ,三好京三,直木賞,三好京三__子育てごっこ,4167231018,,https://sktn3pub.s3.us-east-2.amazonaws.com/no_image.jpg
孤愁の岸,杉本苑子,直木賞,杉本苑子__孤愁の岸,4061317466,,https://sktn3pub.s3.us-east-2.amazonaws.com/no_image.jpg
孤独なアスファルト,藤村正太,江戸川乱歩賞,藤村正太__孤独なアスファルト,4061360426,,https://sktn3pub.s3.us-east-2.amazonaws.com/no_image.jpg
安徳天皇漂海記,宇月原晴明,山本周五郎賞,宇月原晴明__安徳天皇漂海記,4122051053,,https://sktn3pub.s3.us-east-2.amazonaws.com/no_image.jpg
完盗オンサイト,玖村まゆみ,江戸川乱歩賞,玖村まゆみ__完盗オンサイト,4062171325,https://calil.jp/book/4062171325,https://images-na.ssl-images-amazon.com/images/P/4062171325.09.LZZZZZZZ
宝島,真藤順丈,直木賞,真藤順丈__宝島,4065118638,https://calil.jp/book/4065118638,https://images-na.ssl-images-amazon.com/images/P/4065118638.09.LZZZZZZZ
家族シネマ,柳美里,芥川賞,柳美里__家族シネマ,4062086077,,https://sktn3pub.s3.us-east-2.amazonaws.com/no_image.jpg
容疑者Xの献身,東野圭吾,直木賞,東野圭吾__容疑者Xの献身,4163238603,https://calil.jp/book/4163238603,https://images-na.ssl-images-amazon.com/images/P/4163238603.09.LZZZZZZZ
寂寥郊野,吉目木晴彦,芥川賞,吉目木晴彦__寂寥郊野,4062063433,,https://sktn3pub.s3.us-east-2.amazonaws.com/no_image.jpg
密獵者,寒川光太郎,芥川賞,寒川光太郎__密獵者,,,https://sktn3pub.s3.us-east-2.amazonaws.com/no_image.jpg
寛容・その他,神崎武雄,直木賞,神崎武雄__寛容・その他,,,https://sktn3pub.s3.us-east-2.amazonaws.com/no_image.jpg
対岸の彼女,角田光代,直木賞,角田光代__対岸の彼女,4163235108,https://calil.jp/book/4163235108,https://images-na.ssl-images-amazon.com/images/P/4163235108.09.LZZZZZZZ
尋ね人の時間,新井満,芥川賞,新井満__尋ね人の時間,416754301X,,https://sktn3pub.s3.us-east-2.amazonaws.com/no_image.jpg
小さいおうち,中島京子,直木賞,中島京子__小さいおうち,4163292306,https://calil.jp/book/4163292306,https://images-na.ssl-images-amazon.com/images/P/4163292306.09.LZZZZZZZ
小さな貴婦人,吉行理恵,芥川賞,吉行理恵__小さな貴婦人,4394904072,,https://sktn3pub.s3.us-east-2.amazonaws.com/no_image.jpg
小伝抄,星川清司,直木賞,星川清司__小伝抄,416311730X,,https://sktn3pub.s3.us-east-2.amazonaws.com/no_image.jpg
小指・その他,堤千代,直木賞,堤千代__小指・その他,,,https://sktn3pub.s3.us-east-2.amazonaws.com/no_image.jpg
少年と犬,馳星周,直木賞,馳星周__少年と犬,4167920212,https://calil.jp/book/4160901247,https://images-na.ssl-images-amazon.com/images/P/4160901247.09.LZZZZZZZ
少年の橋,後藤紀一,芥川賞,後藤紀一__少年の橋,,,https://sktn3pub.s3.us-east-2.amazonaws.com/no_image.jpg
山塔,斯波四郎,芥川賞,斯波四郎__山塔,,,https://sktn3pub.s3.us-east-2.amazonaws.com/no_image.jpg
山妣,坂東眞砂子,直木賞,坂東眞砂子__山妣,410414701X,,https://sktn3pub.s3.us-east-2.amazonaws.com/no_image.jpg
山畠・蛾と笹舟,森荘已池,直木賞,森荘已池__山畠・蛾と笹舟,,,https://sktn3pub.s3.us-east-2.amazonaws.com/no_image.jpg
岬,中上健次,芥川賞,中上健次__岬,4900997412,,https://sktn3pub.s3.us-east-2.amazonaws.com/no_image.jpg
左手に告げるなかれ,渡辺容子,江戸川乱歩賞,渡辺容子__左手に告げるなかれ,406264620X,,https://sktn3pub.s3.us-east-2.amazonaws.com/no_image.jpg
巷談本牧亭,安藤鶴夫,直木賞,安藤鶴夫__巷談本牧亭,4309409385,,https://sktn3pub.s3.us-east-2.amazonaws.com/no_image.jpg
帰郷,海老沢泰久,直木賞,海老沢泰久__帰郷,4167414090,https://calil.jp/book/416314580X,https://images-na.ssl-images-amazon.com/images/P/416314580X.09.LZZZZZZZ
平場の月,朝倉かすみ,山本周五郎賞,朝倉かすみ__平場の月,4334792650,https://calil.jp/book/4334792650,https://images-na.ssl-images-amazon.com/images/P/4334792650.09.LZZZZZZZ
平賀源内,櫻田常久,芥川賞,櫻田常久__平賀源内,,,https://sktn3pub.s3.us-east-2.amazonaws.com/no_image.jpg
年の残り,丸谷才一,芥川賞,丸谷才一__年の残り,4167138018,,https://sktn3pub.s3.us-east-2.amazonaws.com/no_image.jpg
広場の孤独・漢奸その他,堀田善衛,芥川賞,堀田善衛__広場の孤独・漢奸その他,4087488594,,https://sktn3pub.s3.us-east-2.amazonaws.com/no_image.jpg
廃墟に乞う,佐々木譲,直木賞,佐々木譲__廃墟に乞う,4167796031,https://calil.jp/book/4163283307,https://images-na.ssl-images-amazon.com/images/P/4163283307.09.LZZZZZZZ
張少子（チャンシャオツ）の話,安西篤子,直木賞,安西篤子__張少子（チャンシャオツ）の話,,,https://sktn3pub.s3.us-east-2.amazonaws.com/no_image.jpg
強力伝,新田次郎,直木賞,新田次郎__強力伝,4793380182,,https://sktn3pub.s3.us-east-2.amazonaws.com/no_image.jpg
強情いちご・その他,田岡典夫,直木賞,田岡典夫__強情いちご・その他,,,https://sktn3pub.s3.us-east-2.amazonaws.com/no_image.jpg
影裏,沼田真佑,芥川賞,沼田真佑__影裏,4163907289,https://calil.jp/book/4163907289,https://images-na.ssl-images-amazon.com/images/P/4163907289.09.LZZZZZZZ
彼岸花が咲く島,李琴峰,芥川賞,李琴峰__彼岸花が咲く島,4163913904,https://calil.jp/book/4163913904,https://images-na.ssl-images-amazon.com/images/P/4163913904.09.LZZZZZZZ
後巷説百物語,京極夏彦,直木賞,京極夏彦__後巷説百物語,4043620047,https://calil.jp/book/4048735012,https://images-na.ssl-images-amazon.com/images/P/4048735012.09.LZZZZZZZ
後悔と真実の色,貫井徳郎,山本周五郎賞,貫井徳郎__後悔と真実の色,4344017382,https://calil.jp/book/4344017382,https://images-na.ssl-images-amazon.com/images/P/4344017382.09.LZZZZZZZ
復讐するは我にあり,佐木隆三,直木賞,佐木隆三__復讐するは我にあり,4061315471,,https://sktn3pub.s3.us-east-2.amazonaws.com/no_image.jpg
徳山道助の帰郷,柏原兵三,芥川賞,柏原兵三__徳山道助の帰郷,4061983482,,https://sktn3pub.s3.us-east-2.amazonaws.com/no_image.jpg
心淋し川,西條奈加,直木賞,西條奈加__心淋し川,4087717275,https://calil.jp/book/4087717275,https://images-na.ssl-images-amazon.com/images/P/4087717275.09.LZZZZZZZ
忍ぶ川,三浦哲郎,芥川賞,三浦哲郎__忍ぶ川,4101135010,,https://sktn3pub.s3.us-east-2.amazonaws.com/no_image.jpg
志賀島,岡松和夫,芥川賞,岡松和夫__志賀島,4167426013,,https://sktn3pub.s3.us-east-2.amazonaws.com/no_image.jpg
恋,小池真理子,直木賞,小池真理子__恋,4101440166,,https://sktn3pub.s3.us-east-2.amazonaws.com/no_image.jpg
恋忘れ草,北原亞以子,直木賞,北原亞以子__恋忘れ草,4163139303,,https://sktn3pub.s3.us-east-2.amazonaws.com/no_image.jpg
恋文,連城三紀彦,直木賞,連城三紀彦__恋文,4101405042,,https://sktn3pub.s3.us-east-2.amazonaws.com/no_image.jpg
恋歌(れんか),朝井まかて,直木賞,朝井まかて__恋歌(れんか),4062185008,https://calil.jp/book/4062185008,https://images-na.ssl-images-amazon.com/images/P/4062185008.09.LZZZZZZZ
恋紅,皆川博子,直木賞,皆川博子__恋紅,4103620013,,https://sktn3pub.s3.us-east-2.amazonaws.com/no_image.jpg
恵比寿屋喜兵衛手控え,佐藤雅美,直木賞,佐藤雅美__恵比寿屋喜兵衛手控え,4065260752,,https://sktn3pub.s3.us-east-2.amazonaws.com/no_image.jpg
悪い仲間・陰気な愉しみ,安岡章太郎,芥川賞,安岡章太郎__悪い仲間・陰気な愉しみ,,,https://sktn3pub.s3.us-east-2.amazonaws.com/no_image.jpg
悼む人,天童荒太,直木賞,天童荒太__悼む人,4163276408,https://calil.jp/book/4163276408,https://images-na.ssl-images-amazon.com/images/P/4163276408.09.LZZZZZZZ
愚者の夜,青野聰,芥川賞,青野聰__愚者の夜,4163055002,,https://sktn3pub.s3.us-east-2.amazonaws.com/no_image.jpg
愛の領分,藤田宜永,直木賞,藤田宜永__愛の領分,4163200606,,https://sktn3pub.s3.us-east-2.amazonaws.com/no_image.jpg
感傷旅行センチメンタル・ジャーニィ,田辺聖子,芥川賞,田辺聖子__感傷旅行センチメンタル・ジャーニィ,4163036202,,https://sktn3pub.s3.us-east-2.amazonaws.com/no_image.jpg
成瀬は天下を取りにいく,宮島未奈,本屋大賞,宮島未奈__成瀬は天下を取りにいく,4103549513,https://calil.jp/book/4103549513,https://images-na.ssl-images-amazon.com/images/P/4103549513.09.LZZZZZZZ
或る「小倉日記」伝,松本清張,芥川賞,松本清張__或る「小倉日記」伝,4101109028,,https://sktn3pub.s3.us-east-2.amazonaws.com/no_image.jpg
戦いすんで日が暮れて,佐藤愛子,直木賞,佐藤愛子__戦いすんで日が暮れて,4062937735,,https://sktn3pub.s3.us-east-2.amazonaws.com/no_image.jpg
手鎖心中,井上ひさし,直木賞,井上ひさし__手鎖心中,4167111276,,https://sktn3pub.s3.us-east-2.amazonaws.com/no_image.jpg
探偵小説辞典,中島河太郎,江戸川乱歩賞,中島河太郎__探偵小説辞典,4062638754,,https://sktn3pub.s3.us-east-2.amazonaws.com/no_image.jpg
推し、燃ゆ,宇佐見りん,芥川賞,宇佐見りん__推し、燃ゆ,430941978X,https://calil.jp/book/4309029167,https://images-na.ssl-images-amazon.com/images/P/4309029167.09.LZZZZZZZ
放課後,東野圭吾,江戸川乱歩賞,東野圭吾__放課後,4062023423,,https://sktn3pub.s3.us-east-2.amazonaws.com/no_image.jpg
斬,綱淵謙錠,直木賞,綱淵謙錠__斬,4167157195,,https://sktn3pub.s3.us-east-2.amazonaws.com/no_image.jpg
新宿鮫 無間人形,大沢在昌,直木賞,大沢在昌__新宿鮫無間人形,4643930691,,https://sktn3pub.s3.us-east-2.amazonaws.com/no_image.jpg
日蝕,平野啓一郎,芥川賞,平野啓一郎__日蝕,4101290318,,https://sktn3pub.s3.us-east-2.amazonaws.com/no_image.jpg
明るい夜に出かけて,佐藤多佳子,山本周五郎賞,佐藤多佳子__明るい夜に出かけて,4104190047,https://calil.jp/book/4104190047,https://images-na.ssl-images-amazon.com/images/P/4104190047.09.LZZZZZZZ
明日の記憶,荻原浩,山本周五郎賞,荻原浩__明日の記憶,4334743315,https://calil.jp/book/4334924468,https://images-na.ssl-images-amazon.com/images/P/4334924468.09.LZZZZZZZ
星々の舟,村山由佳,直木賞,村山由佳__星々の舟,4163216502,https://calil.jp/book/4163216502,https://images-na.ssl-images-amazon.com/images/P/4163216502.09.LZZZZZZZ
星落ちて、なお,澤田瞳子,直木賞,澤田瞳子__星落ちて、なお,4163913653,https://calil.jp/book/4163913653,https://images-na.ssl-images-amazon.com/images/P/4163913653.09.LZZZZZZZ
春の庭,柴崎友香,芥川賞,柴崎友香__春の庭,4163901019,https://calil.jp/book/4163901019,https://images-na.ssl-images-amazon.com/images/P/4163901019.09.LZZZZZZZ
春の草 他,石川利光,芥川賞,石川利光__春の草他,,,https://sktn3pub.s3.us-east-2.amazonaws.com/no_image.jpg
昭和の犬,姫野カオルコ,直木賞,姫野カオルコ__昭和の犬,434402446X,https://calil.jp/book/434402446X,https://images-na.ssl-images-amazon.com/images/P/434402446X.09.LZZZZZZZ
時が滲む朝,楊逸,芥川賞,楊逸__時が滲む朝,4167786028,https://calil.jp/book/4163273603,https://images-na.ssl-images-amazon.com/images/P/4163273603.09.LZZZZZZZ
時をきざむ潮,藤本泉,江戸川乱歩賞,藤本泉__時をきざむ潮,406273267X,,https://sktn3pub.s3.us-east-2.amazonaws.com/no_image.jpg
時代屋の女房,村松友視,直木賞,村松友視__時代屋の女房,4041502071,,https://sktn3pub.s3.us-east-2.amazonaws.com/no_image.jpg
普賢,石川淳,芥川賞,石川淳__普賢,4087500020,,https://sktn3pub.s3.us-east-2.amazonaws.com/no_image.jpg
暗殺の年輪,藤沢周平,直木賞,藤沢周平__暗殺の年輪,4163642404,,https://sktn3pub.s3.us-east-2.amazonaws.com/no_image.jpg
暗黒告知,小林久三,江戸川乱歩賞,小林久三__暗黒告知,4062649624,,https://sktn3pub.s3.us-east-2.amazonaws.com/no_image.jpg
暢氣眼鏡 他,尾崎一雄,芥川賞,尾崎一雄__暢氣眼鏡他,4101049017,,https://sktn3pub.s3.us-east-2.amazonaws.com/no_image.jpg
最終便に間に合えば・京都まで,林真理子,直木賞,林真理子__最終便に間に合えば・京都まで,4163087303,,https://sktn3pub.s3.us-east-2.amazonaws.com/no_image.jpg
月と蟹,道尾秀介,直木賞,道尾秀介__月と蟹,4163295607,https://calil.jp/book/4163295607,https://images-na.ssl-images-amazon.com/images/P/4163295607.09.LZZZZZZZ
月の満ち欠け,佐藤正午,直木賞,佐藤正午__月の満ち欠け,4000014110,https://calil.jp/book/4000014080,https://images-na.ssl-images-amazon.com/images/P/4000014080.09.LZZZZZZZ
月山,森敦,芥川賞,森敦__月山,4167908859,,https://sktn3pub.s3.us-east-2.amazonaws.com/no_image.jpg
木挽町のあだ討ち,永井紗耶子,山本周五郎賞 | 直木賞,永井紗耶子__木挽町のあだ討ち,410352023X,https://calil.jp/book/410352023X,https://images-na.ssl-images-amazon.com/images/P/410352023X.09.LZZZZZZZ
本の話,由起しげ子,芥川賞,由起しげ子__本の話,,,https://sktn3pub.s3.us-east-2.amazonaws.com/no_image.jpg
村の名前,辻原登,芥川賞,辻原登__村の名前,4167316048,,https://sktn3pub.s3.us-east-2.amazonaws.com/no_image.jpg
村上海賊の娘,和田竜,本屋大賞,和田竜__村上海賊の娘,4101349800,https://calil.jp/book/4103068825,https://images-na.ssl-images-amazon.com/images/P/4103068825.09.LZZZZZZZ
杢二の世界,笠原淳,芥川賞,笠原淳__杢二の世界,4828821090,,https://sktn3pub.s3.us-east-2.amazonaws.com/no_image.jpg
東京タワーオカンとボクと、時々、オトン,リリー･フランキー,本屋大賞,リリー･フランキー__東京タワーオカンとボクと、時々、オトン,4101275718,https://calil.jp/book/4594049664,https://images-na.ssl-images-amazon.com/images/P/4594049664.09.LZZZZZZZ
東京ダモイ,鏑木蓮,江戸川乱歩賞,鏑木蓮__東京ダモイ,4062135604,https://calil.jp/book/4062135604,https://images-na.ssl-images-amazon.com/images/P/4062135604.09.LZZZZZZZ
東京新大橋雨中図,杉本章子,直木賞,杉本章子__東京新大橋雨中図,4167923262,,https://sktn3pub.s3.us-east-2.amazonaws.com/no_image.jpg
東京都同情塔,九段理江,芥川賞,九段理江__東京都同情塔,4103555114,https://calil.jp/book/4103555114,https://images-na.ssl-images-amazon.com/images/P/4103555114.09.LZZZZZZZ
杳子,古井由吉,芥川賞,古井由吉__杳子,4101185018,,https://sktn3pub.s3.us-east-2.amazonaws.com/no_image.jpg
果つる底なき,池井戸潤,江戸川乱歩賞,池井戸潤__果つる底なき,4062093677,https://calil.jp/book/4062093677,https://images-na.ssl-images-amazon.com/images/P/4062093677.09.LZZZZZZZ
果断 隠蔽捜査2,今野敏,山本周五郎賞,今野敏__果断 隠蔽捜査 2,4101321566,https://calil.jp/book/4103002522,https://images-na.ssl-images-amazon.com/images/P/4103002522.09.LZZZZZZZ
枯草の根,陳舜臣,江戸川乱歩賞,陳舜臣__枯草の根,4087463974,,https://sktn3pub.s3.us-east-2.amazonaws.com/no_image.jpg
柔らかな頬,桐野夏生,直木賞,桐野夏生__柔らかな頬,4062079194,,https://sktn3pub.s3.us-east-2.amazonaws.com/no_image.jpg
梟の城,司馬遼太郎,直木賞,司馬遼太郎__梟の城,4101152012,,https://sktn3pub.s3.us-east-2.amazonaws.com/no_image.jpg
検察捜査,中嶋博行,江戸川乱歩賞,中嶋博行__検察捜査,4062635461,,https://sktn3pub.s3.us-east-2.amazonaws.com/no_image.jpg
極楽征夷大将軍,垣根涼介,直木賞,垣根涼介__極楽征夷大将軍,4163916954,https://calil.jp/book/4163916954,https://images-na.ssl-images-amazon.com/images/P/4163916954.09.LZZZZZZZ
楽園のカンヴァス,原田マハ,山本周五郎賞,原田マハ__楽園のカンヴァス,4103317515,https://calil.jp/book/4103317515,https://images-na.ssl-images-amazon.com/images/P/4103317515.09.LZZZZZZZ
榧の木祭り,高城修三,芥川賞,高城修三__榧の木祭り,4103282010,,https://sktn3pub.s3.us-east-2.amazonaws.com/no_image.jpg
機雷,光岡明,直木賞,光岡明__機雷,4061183567,,https://sktn3pub.s3.us-east-2.amazonaws.com/no_image.jpg
此の世の果ての殺人,荒木あかね,江戸川乱歩賞,荒木あかね__此の世の果ての殺人,4065289203,https://calil.jp/book/4065289203,https://images-na.ssl-images-amazon.com/images/P/4065289203.09.LZZZZZZZ
死んでいない者,滝口悠生,芥川賞,滝口悠生__死んでいない者,4163904123,https://calil.jp/book/4163904123,https://images-na.ssl-images-amazon.com/images/P/4163904123.09.LZZZZZZZ
残穢,小野不由美,山本周五郎賞,小野不由美__残穢,4101240299,https://calil.jp/book/4103970049,https://images-na.ssl-images-amazon.com/images/P/4103970049.09.LZZZZZZZ
殺意の演奏,大谷羊太郎,江戸川乱歩賞,大谷羊太郎__殺意の演奏,4062646757,,https://sktn3pub.s3.us-east-2.amazonaws.com/no_image.jpg
水滴,目取真俊,芥川賞,目取真俊__水滴,4167649012,,https://sktn3pub.s3.us-east-2.amazonaws.com/no_image.jpg
汝、星のごとく,凪良ゆう,本屋大賞,凪良ゆう__汝、星のごとく,4065375703,https://calil.jp/book/4065281490,https://images-na.ssl-images-amazon.com/images/P/4065281490.09.LZZZZZZZ
江分利満氏の優雅な生活,山口瞳,直木賞,山口瞳__江分利満氏の優雅な生活,4093522979,,https://sktn3pub.s3.us-east-2.amazonaws.com/no_image.jpg
沈底魚,曽根圭介,江戸川乱歩賞,曽根圭介__沈底魚,4062142341,https://calil.jp/book/4062142341,https://images-na.ssl-images-amazon.com/images/P/4062142341.09.LZZZZZZZ
沖で待つ,絲山秋子,芥川賞,絲山秋子__沖で待つ,4163248501,,https://sktn3pub.s3.us-east-2.amazonaws.com/no_image.jpg
泳ぐのに、安全でも適切でもありません,江國香織,山本周五郎賞,江國香織__泳ぐのに、安全でも適切でもありません,483425061X,https://calil.jp/book/4087477851,https://images-na.ssl-images-amazon.com/images/P/4087477851.09.LZZZZZZZ
津軽世去れ節・津軽じょんから節,長部日出雄,直木賞,長部日出雄__津軽世去れ節・津軽じょんから節,4806600075,,https://sktn3pub.s3.us-east-2.amazonaws.com/no_image.jpg
流,東山彰良,直木賞,東山彰良__流,4062194856,https://calil.jp/book/4062194856,https://images-na.ssl-images-amazon.com/images/P/4062194856.09.LZZZZZZZ
流浪の月,凪良ゆう,本屋大賞,凪良ゆう__流浪の月,448880301,https://calil.jp/book/4488028020,https://images-na.ssl-images-amazon.com/images/P/4488028020.09.LZZZZZZZ
浅草エノケン一座の嵐,長坂秀佳,江戸川乱歩賞,長坂秀佳__浅草エノケン一座の嵐,4062748541,,https://sktn3pub.s3.us-east-2.amazonaws.com/no_image.jpg
浪曲師朝日丸の話・ミミのこと,田中小実昌,直木賞,田中小実昌__浪曲師朝日丸の話・ミミのこと,,,https://sktn3pub.s3.us-east-2.amazonaws.com/no_image.jpg
海の廃園,山田克郎,直木賞,山田克郎__海の廃園,,,https://sktn3pub.s3.us-east-2.amazonaws.com/no_image.jpg
海の見える理髪店,荻原浩,直木賞,荻原浩__海の見える理髪店,486055812X,https://calil.jp/book/4087716538,https://images-na.ssl-images-amazon.com/images/P/4087716538.09.LZZZZZZZ
海をあげる,上間陽子,本屋大賞,上間陽子__海をあげる,4480815589,https://calil.jp/book/4480815589,https://images-na.ssl-images-amazon.com/images/P/4480815589.09.LZZZZZZZ
海人舟,近藤啓太郎,芥川賞,近藤啓太郎__海人舟,,,https://sktn3pub.s3.us-east-2.amazonaws.com/no_image.jpg
海峡の光,辻仁成,芥川賞,辻仁成__海峡の光,4103977035,,https://sktn3pub.s3.us-east-2.amazonaws.com/no_image.jpg
海狼伝,白石一郎,直木賞,白石一郎__海狼伝,4167905140,,https://sktn3pub.s3.us-east-2.amazonaws.com/no_image.jpg
海賊とよばれた男,百田尚樹,本屋大賞,百田尚樹__海賊とよばれた男,4062778300,https://calil.jp/book/4062175649,https://images-na.ssl-images-amazon.com/images/P/4062175649.09.LZZZZZZZ
深い河,田久保英夫,芥川賞,田久保英夫__深い河,4061983792,,https://sktn3pub.s3.us-east-2.amazonaws.com/no_image.jpg
深重の海,津本陽,直木賞,津本陽__深重の海,4101280010,,https://sktn3pub.s3.us-east-2.amazonaws.com/no_image.jpg
渦 妹背山婦女庭訓 魂結び,大島真寿美,直木賞,大島真寿美__渦 妹背山婦女庭訓 魂結び,4163909877,https://calil.jp/book/4163909877,https://images-na.ssl-images-amazon.com/images/P/4163909877.09.LZZZZZZZ
満願,米澤穂信,山本周五郎賞,米澤穂信__満願,4103014741,https://calil.jp/book/4103014741,https://images-na.ssl-images-amazon.com/images/P/4103014741.09.LZZZZZZZ
滅びのモノクローム,三浦明博,江戸川乱歩賞,三浦明博__滅びのモノクローム,4062751682,,https://sktn3pub.s3.us-east-2.amazonaws.com/no_image.jpg
漂泊者のアリア,古川薫,直木賞,古川薫__漂泊者のアリア,4163118101,,https://sktn3pub.s3.us-east-2.amazonaws.com/no_image.jpg
漂砂（ひょうさ）のうたう,木内昇,直木賞,木内昇__漂砂（ひょうさ）のうたう,4087713733,https://calil.jp/book/4087713733,https://images-na.ssl-images-amazon.com/images/P/4087713733.09.LZZZZZZZ
演歌の虫・老梅,山口洋子,直木賞,山口洋子__演歌の虫・老梅,4163083707,,https://sktn3pub.s3.us-east-2.amazonaws.com/no_image.jpg
濡れた心,多岐川恭,江戸川乱歩賞,多岐川恭__濡れた心,4062621002,,https://sktn3pub.s3.us-east-2.amazonaws.com/no_image.jpg
火花,又吉直樹,芥川賞,又吉直樹__火花,4166304801,https://calil.jp/book/4163902309,https://images-na.ssl-images-amazon.com/images/P/4163902309.09.LZZZZZZZ
炎熱商人,深田祐介,直木賞,深田祐介__炎熱商人,4167219050,,https://sktn3pub.s3.us-east-2.amazonaws.com/no_image.jpg
炎環,永井路子,直木賞,永井路子__炎環,4061930060,,https://sktn3pub.s3.us-east-2.amazonaws.com/no_image.jpg
無明長夜,吉田知子,芥川賞,吉田知子__無明長夜,410117301X.,,https://sktn3pub.s3.us-east-2.amazonaws.com/no_image.jpg
焦茶色のパステル,岡嶋二人,江戸川乱歩賞,岡嶋二人__焦茶色のパステル,4062773163,,https://sktn3pub.s3.us-east-2.amazonaws.com/no_image.jpg
熊の敷石,堀江敏幸,芥川賞,堀江敏幸__熊の敷石,4062739585,,https://sktn3pub.s3.us-east-2.amazonaws.com/no_image.jpg
熟れてゆく夏,藤堂志津子,直木賞,藤堂志津子__熟れてゆく夏,4163106405,,https://sktn3pub.s3.us-east-2.amazonaws.com/no_image.jpg
熱源,川越宗一,直木賞,川越宗一__熱源,4163910417,https://calil.jp/book/4167919028,https://images-na.ssl-images-amazon.com/images/P/4167919028.09.LZZZZZZZ
燈台鬼,南條範夫,直木賞,南條範夫__燈台鬼,4167282062,,https://sktn3pub.s3.us-east-2.amazonaws.com/no_image.jpg
爪と目,藤野可織,芥川賞,藤野可織__爪と目,410334511X,https://calil.jp/book/410334511X,https://images-na.ssl-images-amazon.com/images/P/410334511X.09.LZZZZZZZ
父が消えた,尾辻克彦,芥川賞,尾辻克彦__父が消えた,4309407455,,https://sktn3pub.s3.us-east-2.amazonaws.com/no_image.jpg
犬婿入り,多和田葉子,芥川賞,多和田葉子__犬婿入り,4062063077,,https://sktn3pub.s3.us-east-2.amazonaws.com/no_image.jpg
狼奉行,高橋義夫,直木賞,高橋義夫__狼奉行,4122065593,,https://sktn3pub.s3.us-east-2.amazonaws.com/no_image.jpg
猛スピードで母は,長嶋有,芥川賞,長嶋有__猛スピードで母は,4167693011,,https://sktn3pub.s3.us-east-2.amazonaws.com/no_image.jpg
猫は知っていた,仁木悦子,江戸川乱歩賞,仁木悦子__猫は知っていた,4062638762,,https://sktn3pub.s3.us-east-2.amazonaws.com/no_image.jpg
猿丸幻視行,井沢元彦,江戸川乱歩賞,井沢元彦__猿丸幻視行,4062759357,,https://sktn3pub.s3.us-east-2.amazonaws.com/no_image.jpg
王妃の離婚,佐藤賢一,直木賞,佐藤賢一__王妃の離婚,4087752488,,https://sktn3pub.s3.us-east-2.amazonaws.com/no_image.jpg
王将に児あり,斎藤栄,江戸川乱歩賞,斎藤栄__王将に児あり,4087503453,,https://sktn3pub.s3.us-east-2.amazonaws.com/no_image.jpg
玩具,津村節子,芥川賞,津村節子__玩具,4087501825,,https://sktn3pub.s3.us-east-2.amazonaws.com/no_image.jpg
理由,宮部みゆき,直木賞,宮部みゆき__理由,9867896998,https://calil.jp/book/4022572442,https://images-na.ssl-images-amazon.com/images/P/4022572442.09.LZZZZZZZ
生きる,乙川優三郎,直木賞,乙川優三郎__生きる,4163206809,,https://sktn3pub.s3.us-east-2.amazonaws.com/no_image.jpg
由煕,李良枝,芥川賞,李良枝__由煕,4061975846,,https://sktn3pub.s3.us-east-2.amazonaws.com/no_image.jpg
異邦人,辻亮一,芥川賞,辻亮一__異邦人,,,https://sktn3pub.s3.us-east-2.amazonaws.com/no_image.jpg
異類婚姻譚,本谷有希子,芥川賞,本谷有希子__異類婚姻譚,4062199009,https://calil.jp/book/4062199009,https://images-na.ssl-images-amazon.com/images/P/4062199009.09.LZZZZZZZ
登攀,小尾十三,芥川賞,小尾十三__登攀,,,https://sktn3pub.s3.us-east-2.amazonaws.com/no_image.jpg
白い人,遠藤周作,芥川賞,遠藤周作__白い人,4108300807,,https://sktn3pub.s3.us-east-2.amazonaws.com/no_image.jpg
白い罌粟,立原正秋,直木賞,立原正秋__白い罌粟,4093522073,,https://sktn3pub.s3.us-east-2.amazonaws.com/no_image.jpg
白い薔薇の淵まで,中山可穂,山本周五郎賞,中山可穂__白い薔薇の淵まで,4309418449,,https://sktn3pub.s3.us-east-2.amazonaws.com/no_image.jpg
白く長い廊下,川田弥一郎,江戸川乱歩賞,川田弥一郎__白く長い廊下,406206104X,,https://sktn3pub.s3.us-east-2.amazonaws.com/no_image.jpg
白球残映,赤瀬川隼,直木賞,赤瀬川隼__白球残映,4163155503,,https://sktn3pub.s3.us-east-2.amazonaws.com/no_image.jpg
白色の残像,坂本光一,江戸川乱歩賞,坂本光一__白色の残像,4062041189,,https://sktn3pub.s3.us-east-2.amazonaws.com/no_image.jpg
百年泥,石井遊佳,芥川賞,石井遊佳__百年泥,4101021716,https://calil.jp/book/4103515317,https://images-na.ssl-images-amazon.com/images/P/4103515317.09.LZZZZZZZ
目の見えない白鳥さんとアートを見にいく,川内有緒,本屋大賞,川内有緒__目の見えない白鳥さんとアートを見にいく,4797673990,https://calil.jp/book/4797673990,https://images-na.ssl-images-amazon.com/images/P/4797673990.09.LZZZZZZZ
真説石川五右衛門・長恨歌,檀一雄,直木賞,檀一雄__真説石川五右衛門・長恨歌,4062620502,,https://sktn3pub.s3.us-east-2.amazonaws.com/no_image.jpg
石の来歴,奥泉光,芥川賞,奥泉光__石の来歴,4167580012,,https://sktn3pub.s3.us-east-2.amazonaws.com/no_image.jpg
砧をうつ女,李恢成,芥川賞,李恢成__砧をうつ女,4163023100,,https://sktn3pub.s3.us-east-2.amazonaws.com/no_image.jpg
破局,遠野遥,芥川賞,遠野遥__破局,4309029051,https://calil.jp/book/4309029051,https://images-na.ssl-images-amazon.com/images/P/4309029051.09.LZZZZZZZ
破線のマリス,野沢尚,江戸川乱歩賞,野沢尚__破線のマリス,4062088630,,https://sktn3pub.s3.us-east-2.amazonaws.com/no_image.jpg
破船,吉村昭,本屋大賞,吉村昭__破船,4101117187,https://calil.jp/book/4101117187,https://images-na.ssl-images-amazon.com/images/P/4101117187.09.LZZZZZZZ
破門,黒川博行,直木賞,黒川博行__破門,4041106842,https://calil.jp/book/4041106842,https://images-na.ssl-images-amazon.com/images/P/4041106842.09.LZZZZZZZ
硫黄島,菊村到,芥川賞,菊村到__硫黄島,4093524009,,https://sktn3pub.s3.us-east-2.amazonaws.com/no_image.jpg
確証,小谷剛,芥川賞,小谷剛__確証,,,https://sktn3pub.s3.us-east-2.amazonaws.com/no_image.jpg
祭りの場,林京子,芥川賞,林京子__祭りの場,4061127837,,https://sktn3pub.s3.us-east-2.amazonaws.com/no_image.jpg
私が殺した少女,原【りょう】,直木賞,原【りょう】__私が殺した少女,4152034165,,https://sktn3pub.s3.us-east-2.amazonaws.com/no_image.jpg
私の男,桜庭一樹,直木賞,桜庭一樹__私の男,4163264302,https://calil.jp/book/4163264302,https://images-na.ssl-images-amazon.com/images/P/4163264302.09.LZZZZZZZ
私生活,神吉拓郎,直木賞,神吉拓郎__私生活,4163076905,,https://sktn3pub.s3.us-east-2.amazonaws.com/no_image.jpg
秘伝,高橋治,直木賞,高橋治__秘伝,4062010038,,https://sktn3pub.s3.us-east-2.amazonaws.com/no_image.jpg
穴,小山田浩子,芥川賞,小山田浩子__穴,4103336420,https://calil.jp/book/4103336420,https://images-na.ssl-images-amazon.com/images/P/4103336420.09.LZZZZZZZ
空中ブランコ,奥田英朗,直木賞,奥田英朗__空中ブランコ,4163228705,https://calil.jp/book/4163228705,https://images-na.ssl-images-amazon.com/images/P/4163228705.09.LZZZZZZZ
等伯,安部龍太郎,直木賞,安部龍太郎__等伯,416790442X,https://calil.jp/book/416790442X,https://images-na.ssl-images-amazon.com/images/P/416790442X.09.LZZZZZZZ
糞尿譚,火野葦平,芥川賞,火野葦平__糞尿譚,4061984810,,https://sktn3pub.s3.us-east-2.amazonaws.com/no_image.jpg
終の住処,磯崎憲一郎,芥川賞,磯崎憲一郎__終の住処,410317711X,https://calil.jp/book/410317711X,https://images-na.ssl-images-amazon.com/images/P/410317711X.09.LZZZZZZZ
終身未決囚,有馬頼義,直木賞,有馬頼義__終身未決囚,,,https://sktn3pub.s3.us-east-2.amazonaws.com/no_image.jpg
緋い記憶,高橋克彦,直木賞,高橋克彦__緋い記憶,4167164051,,https://sktn3pub.s3.us-east-2.amazonaws.com/no_image.jpg
総会屋錦城,城山三郎,直木賞,城山三郎__総会屋錦城,4101133018,,https://sktn3pub.s3.us-east-2.amazonaws.com/no_image.jpg
纏足の頃,石塚喜久三,芥川賞,石塚喜久三__纏足の頃,,,https://sktn3pub.s3.us-east-2.amazonaws.com/no_image.jpg
罪な女・その他,藤原審爾,直木賞,藤原審爾__罪な女・その他,4062620855,,https://sktn3pub.s3.us-east-2.amazonaws.com/no_image.jpg
羊と鋼の森,宮下奈都,本屋大賞,宮下奈都__羊と鋼の森,4091398863,https://calil.jp/book/4163902945,https://images-na.ssl-images-amazon.com/images/P/4163902945.09.LZZZZZZZ
美談の出発,川村晃,芥川賞,川村晃__美談の出発,,,https://sktn3pub.s3.us-east-2.amazonaws.com/no_image.jpg
翳りゆく夏,赤井三尋,江戸川乱歩賞,赤井三尋__翳りゆく夏,4865961100,,https://sktn3pub.s3.us-east-2.amazonaws.com/no_image.jpg
老虎残夢,桃野雑派,江戸川乱歩賞,桃野雑派__老虎残夢,4065245621,https://calil.jp/book/4065245621,https://images-na.ssl-images-amazon.com/images/P/4065245621.09.LZZZZZZZ
聖少女,三好徹,直木賞,三好徹__聖少女,4167121026,,https://sktn3pub.s3.us-east-2.amazonaws.com/no_image.jpg
聖水,青来有一,芥川賞,青来有一__聖水,4167685019,,https://sktn3pub.s3.us-east-2.amazonaws.com/no_image.jpg
肩ごしの恋人,唯川恵,直木賞,唯川恵__肩ごしの恋人,4838712987,,https://sktn3pub.s3.us-east-2.amazonaws.com/no_image.jpg
背徳のメス,黒岩重吾,直木賞,黒岩重吾__背徳のメス,4122005752,,https://sktn3pub.s3.us-east-2.amazonaws.com/no_image.jpg
背負い水,荻野アンナ,芥川賞,荻野アンナ__背負い水,4167563010,,https://sktn3pub.s3.us-east-2.amazonaws.com/no_image.jpg
背高泡立草,古川真人,芥川賞,古川真人__背高泡立草,4087717100,https://calil.jp/book/4087717100,https://images-na.ssl-images-amazon.com/images/P/4087717100.09.LZZZZZZZ
脳男,首藤瓜於,江戸川乱歩賞,首藤瓜於__脳男,4063649113,,https://sktn3pub.s3.us-east-2.amazonaws.com/no_image.jpg
自動起床装置,辺見庸,芥川賞,辺見庸__自動起床装置,416312750X ,,https://sktn3pub.s3.us-east-2.amazonaws.com/no_image.jpg
至高聖所アバトーン,松村栄子,芥川賞,松村栄子__至高聖所アバトーン,4828824170,,https://sktn3pub.s3.us-east-2.amazonaws.com/no_image.jpg
舟を編む,三浦しをん,本屋大賞,三浦しをん__舟を編む,4334927769,https://calil.jp/book/4334927769,https://images-na.ssl-images-amazon.com/images/P/4334927769.09.LZZZZZZZ
花のれん,山崎豊子,直木賞,山崎豊子__花のれん,4101104034,,https://sktn3pub.s3.us-east-2.amazonaws.com/no_image.jpg
花の名前・かわうそ・犬小屋,向田邦子,直木賞,向田邦子__花の名前・かわうそ・犬小屋,,,https://sktn3pub.s3.us-east-2.amazonaws.com/no_image.jpg
花まんま,朱川湊人,直木賞,朱川湊人__花まんま,4163238409,,https://sktn3pub.s3.us-east-2.amazonaws.com/no_image.jpg
花園の迷宮,山崎洋子,江戸川乱歩賞,山崎洋子__花園の迷宮,4062029693,,https://sktn3pub.s3.us-east-2.amazonaws.com/no_image.jpg
花腐し,松浦寿輝,芥川賞,松浦寿輝__花腐し,4062751216,,https://sktn3pub.s3.us-east-2.amazonaws.com/no_image.jpg
苦役列車,西村賢太,芥川賞,西村賢太__苦役列車,4103032324,https://calil.jp/book/4103032324,https://images-na.ssl-images-amazon.com/images/P/4103032324.09.LZZZZZZZ
英語屋さん・その他,源氏鶏太,直木賞,源氏鶏太__英語屋さん・その他,,,https://sktn3pub.s3.us-east-2.amazonaws.com/no_image.jpg
草のつるぎ,野呂邦暢,芥川賞,野呂邦暢__草のつるぎ,4892570931,,https://sktn3pub.s3.us-east-2.amazonaws.com/no_image.jpg
荒地の家族,佐藤厚志,芥川賞,佐藤厚志__荒地の家族,4103541121,https://calil.jp/book/4103541121,https://images-na.ssl-images-amazon.com/images/P/4103541121.09.LZZZZZZZ
華やかな死体,佐賀潜,江戸川乱歩賞,佐賀潜__華やかな死体,4062638789,,https://sktn3pub.s3.us-east-2.amazonaws.com/no_image.jpg
落ちる,多岐川恭,直木賞,多岐川恭__落ちる,4480435301,,https://sktn3pub.s3.us-east-2.amazonaws.com/no_image.jpg
蒲田行進曲,つかこうへい,直木賞,つかこうへい__蒲田行進曲,4334727654,,https://sktn3pub.s3.us-east-2.amazonaws.com/no_image.jpg
蒼ざめた馬を見よ,五木寛之,直木賞,五木寛之__蒼ざめた馬を見よ,4163033807,,https://sktn3pub.s3.us-east-2.amazonaws.com/no_image.jpg
蒼天の鳥たち,三上幸四郎,江戸川乱歩賞,三上幸四郎__蒼天の鳥たち（蒼天の鳥）,4065289211,https://calil.jp/book/4065289211,https://images-na.ssl-images-amazon.com/images/P/4065289211.09.LZZZZZZZ
蒼氓,石川達三,芥川賞,石川達三__蒼氓,4101015058,,https://sktn3pub.s3.us-east-2.amazonaws.com/no_image.jpg
蔭の棲みか,玄月,芥川賞,玄月__蔭の棲みか,4163190201,,https://sktn3pub.s3.us-east-2.amazonaws.com/no_image.jpg
蔭桔梗,泡坂妻夫,直木賞,泡坂妻夫__蔭桔梗,4103472030,,https://sktn3pub.s3.us-east-2.amazonaws.com/no_image.jpg
虜愁記,千葉治平,直木賞,千葉治平__虜愁記,,,https://sktn3pub.s3.us-east-2.amazonaws.com/no_image.jpg
虹,藤井重夫,直木賞,藤井重夫__虹,,,https://sktn3pub.s3.us-east-2.amazonaws.com/no_image.jpg
虹の谷の五月,船戸与一,直木賞,船戸与一__虹の谷の五月,4087475727,,https://sktn3pub.s3.us-east-2.amazonaws.com/no_image.jpg
蛇にピアス,金原ひとみ,芥川賞,金原ひとみ__蛇にピアス,4087460487,,https://sktn3pub.s3.us-east-2.amazonaws.com/no_image.jpg
蛇を踏む,川上弘美,芥川賞,川上弘美__蛇を踏む,4167631016,,https://sktn3pub.s3.us-east-2.amazonaws.com/no_image.jpg
蜜蜂と遠雷,恩田陸,本屋大賞 | 直木賞,恩田陸__蜜蜂と遠雷,4344845188,https://calil.jp/book/4344030036,https://images-na.ssl-images-amazon.com/images/P/4344030036.09.LZZZZZZZ
蜩ノ記(ひぐらしのき),葉室麟,直木賞,葉室麟__蜩ノ記(ひぐらしのき),4396633734,https://calil.jp/book/4396338902,https://images-na.ssl-images-amazon.com/images/P/4396338902.09.LZZZZZZZ
蝶たちは今…,日下圭介,江戸川乱歩賞,日下圭介__蝶たちは今…,4061361082,,https://sktn3pub.s3.us-east-2.amazonaws.com/no_image.jpg
螢の河,伊藤桂一,直木賞,伊藤桂一__螢の河,4769829892,,https://sktn3pub.s3.us-east-2.amazonaws.com/no_image.jpg
螢川,宮本輝,芥川賞,宮本輝__螢川,4480020330,,https://sktn3pub.s3.us-east-2.amazonaws.com/no_image.jpg
蟹,河野多惠子,芥川賞,河野多惠子__蟹,4093522987,,https://sktn3pub.s3.us-east-2.amazonaws.com/no_image.jpg
蟻の木の下で,西東登,江戸川乱歩賞,西東登__蟻の木の下で,4061360434,,https://sktn3pub.s3.us-east-2.amazonaws.com/no_image.jpg
血と骨,梁石日,山本周五郎賞,梁石日__血と骨,4877282106,,https://sktn3pub.s3.us-east-2.amazonaws.com/no_image.jpg
表層生活,大岡玲,芥川賞,大岡玲__表層生活,4163117105,,https://sktn3pub.s3.us-east-2.amazonaws.com/no_image.jpg
裸の王様,開高健,芥川賞,開高健__裸の王様,4041242223,,https://sktn3pub.s3.us-east-2.amazonaws.com/no_image.jpg
襲名犯,竹吉優輔,江戸川乱歩賞,竹吉優輔__襲名犯,4062185091,https://calil.jp/book/4062185091,https://images-na.ssl-images-amazon.com/images/P/4062185091.09.LZZZZZZZ
覘き小平次,京極夏彦,山本周五郎賞,京極夏彦__覘き小平次,4120033082,https://calil.jp/book/4122056659,https://images-na.ssl-images-amazon.com/images/P/4122056659.09.LZZZZZZZ
訣別の森,末浦広海,江戸川乱歩賞,末浦広海__訣別の森,4062770458,https://calil.jp/book/4062149079,https://images-na.ssl-images-amazon.com/images/P/4062149079.09.LZZZZZZZ
誘拐児,翔田寛,江戸川乱歩賞,翔田寛__誘拐児,4062149184,https://calil.jp/book/4062149184,https://images-na.ssl-images-amazon.com/images/P/4062149184.09.LZZZZZZZ
誰かが触った,宮原昭夫,芥川賞,宮原昭夫__誰かが触った,,,https://sktn3pub.s3.us-east-2.amazonaws.com/no_image.jpg
謎解きはディナーのあとで,東川篤哉,本屋大賞,東川篤哉__謎解きはディナーのあとで,4093867356,https://calil.jp/book/409386280X,https://images-na.ssl-images-amazon.com/images/P/409386280X.09.LZZZZZZZ
豚の報い,又吉栄喜,芥川賞,又吉栄喜__豚の報い,416761801X ,,https://sktn3pub.s3.us-east-2.amazonaws.com/no_image.jpg
貝に続く場所にて,石沢麻依,芥川賞,石沢麻依__貝に続く場所にて,406524188X,https://calil.jp/book/406524188X,https://images-na.ssl-images-amazon.com/images/P/406524188X.09.LZZZZZZZ
赤い雪,榛葉英治,直木賞,榛葉英治__赤い雪,491062175X,,https://sktn3pub.s3.us-east-2.amazonaws.com/no_image.jpg
赤目四十八瀧心中未遂,車谷長吉,直木賞,車谷長吉__赤目四十八瀧心中未遂,4167654016,,https://sktn3pub.s3.us-east-2.amazonaws.com/no_image.jpg
赤頭巾ちゃん気をつけて,庄司薫,芥川賞,庄司薫__赤頭巾ちゃん気をつけて,4125500541,,https://sktn3pub.s3.us-east-2.amazonaws.com/no_image.jpg
蹴りたい背中,綿矢りさ,芥川賞,綿矢りさ__蹴りたい背中,4309015700,https://calil.jp/book/4309015700,https://images-na.ssl-images-amazon.com/images/P/4309015700.09.LZZZZZZZ
軍事郵便,河内仙介,直木賞,河内仙介__軍事郵便,,,https://sktn3pub.s3.us-east-2.amazonaws.com/no_image.jpg
軍旗はためく下に,結城昌治,直木賞,結城昌治__軍旗はためく下に,4061313061,,https://sktn3pub.s3.us-east-2.amazonaws.com/no_image.jpg
追いつめる,生島治郎,直木賞,生島治郎__追いつめる,4122000815,,https://sktn3pub.s3.us-east-2.amazonaws.com/no_image.jpg
送り火,高橋弘希,芥川賞,高橋弘希__送り火,4163908730,https://calil.jp/book/4163908730,https://images-na.ssl-images-amazon.com/images/P/4163908730.09.LZZZZZZZ
透明な季節,梶龍雄,江戸川乱歩賞,梶龍雄__透明な季節,4061361759,,https://sktn3pub.s3.us-east-2.amazonaws.com/no_image.jpg
連絡員,倉光俊夫,芥川賞,倉光俊夫__連絡員,,,https://sktn3pub.s3.us-east-2.amazonaws.com/no_image.jpg
連鎖,真保裕一,江戸川乱歩賞,真保裕一__連鎖,406524594X,,https://sktn3pub.s3.us-east-2.amazonaws.com/no_image.jpg
遊廓島心中譚,霜月流,江戸川乱歩賞,霜月流__遊廓島心中譚,4065368316,https://calil.jp/book/4065368316,https://images-na.ssl-images-amazon.com/images/P/4065368316.09.LZZZZZZZ
運転士,藤原智美,芥川賞,藤原智美__運転士,4062061120,,https://sktn3pub.s3.us-east-2.amazonaws.com/no_image.jpg
過越しの祭,米谷ふみ子,芥川賞,米谷ふみ子__過越しの祭,4006020554,,https://sktn3pub.s3.us-east-2.amazonaws.com/no_image.jpg
道化師の蝶,円城塔,芥川賞,円城塔__道化師の蝶,4062175614,https://calil.jp/book/4062175614,https://images-na.ssl-images-amazon.com/images/P/4062175614.09.LZZZZZZZ
道徳の時間,呉勝浩,江戸川乱歩賞,呉勝浩__道徳の時間,4062937344,https://calil.jp/book/4062196670,https://images-na.ssl-images-amazon.com/images/P/4062196670.09.LZZZZZZZ
遠いアメリカ,常盤新平,直木賞,常盤新平__遠いアメリカ,4093523290,,https://sktn3pub.s3.us-east-2.amazonaws.com/no_image.jpg
遠い国からの殺人者,笹倉明,直木賞,笹倉明__遠い国からの殺人者,4163109005,,https://sktn3pub.s3.us-east-2.amazonaws.com/no_image.jpg
遠い海から来たCOO,景山民夫,直木賞,景山民夫__遠い海から来たCOO,4048724851,,https://sktn3pub.s3.us-east-2.amazonaws.com/no_image.jpg
邂逅の森,熊谷達也,山本周五郎賞 | 直木賞,熊谷達也__邂逅の森,4167724014,,https://sktn3pub.s3.us-east-2.amazonaws.com/no_image.jpg
鈴木主水,久生十蘭,直木賞,久生十蘭__鈴木主水,4777159787,,https://sktn3pub.s3.us-east-2.amazonaws.com/no_image.jpg
鉄道員（ぽっぽや）,浅田次郎,直木賞,浅田次郎__鉄道員（ぽっぽや）,4925053132,,https://sktn3pub.s3.us-east-2.amazonaws.com/no_image.jpg
銀河鉄道の父,門井慶喜,直木賞,門井慶喜__銀河鉄道の父,4865966323,https://calil.jp/book/4062207508,https://images-na.ssl-images-amazon.com/images/P/4062207508.09.LZZZZZZZ
錯乱,池波正太郎,直木賞,池波正太郎__錯乱,4394121027,,https://sktn3pub.s3.us-east-2.amazonaws.com/no_image.jpg
鍋の中,村田喜代子,芥川賞,村田喜代子__鍋の中,4163099603,,https://sktn3pub.s3.us-east-2.amazonaws.com/no_image.jpg
鍵のない夢を見る,辻村深月,直木賞,辻村深月__鍵のない夢を見る,4163813500,https://calil.jp/book/4163813500,https://images-na.ssl-images-amazon.com/images/P/4163813500.09.LZZZZZZZ
鏨師,平岩弓枝,直木賞,平岩弓枝__鏨師,4167710099,,https://sktn3pub.s3.us-east-2.amazonaws.com/no_image.jpg
長崎ぶらぶら節,なかにし礼,直木賞,なかにし礼__長崎ぶらぶら節,4101154244,,https://sktn3pub.s3.us-east-2.amazonaws.com/no_image.jpg
長江デルタ,多田裕計,芥川賞,多田裕計__長江デルタ,,,https://sktn3pub.s3.us-east-2.amazonaws.com/no_image.jpg
長男の出家,三浦清宏,芥川賞,三浦清宏__長男の出家,4828831940,,https://sktn3pub.s3.us-east-2.amazonaws.com/no_image.jpg
長良川,豊田穣,直木賞,豊田穣__長良川,4769811144,,https://sktn3pub.s3.us-east-2.amazonaws.com/no_image.jpg
闇に香る嘘,下村敦史,江戸川乱歩賞,下村敦史__闇に香る嘘,406219094X,https://calil.jp/book/406219094X,https://images-na.ssl-images-amazon.com/images/P/406219094X.09.LZZZZZZZ
闘牛,井上靖,芥川賞,井上靖__闘牛,410106301X,,https://sktn3pub.s3.us-east-2.amazonaws.com/no_image.jpg
限りなく透明に近いブルー,村上龍,芥川賞,村上龍__限りなく透明に近いブルー,4062763478,,https://sktn3pub.s3.us-east-2.amazonaws.com/no_image.jpg
雁の寺,水上勉,直木賞,水上勉__雁の寺,4167118017,,https://sktn3pub.s3.us-east-2.amazonaws.com/no_image.jpg
雁立,清水基吉,芥川賞,清水基吉__雁立,,,https://sktn3pub.s3.us-east-2.amazonaws.com/no_image.jpg
離婚,色川武大,直木賞,色川武大__離婚,4167296012,,https://sktn3pub.s3.us-east-2.amazonaws.com/no_image.jpg
雨やどり,半村良,直木賞,半村良__雨やどり,4087495663,,https://sktn3pub.s3.us-east-2.amazonaws.com/no_image.jpg
雲南守備兵,木村荘十,直木賞,木村荘十__雲南守備兵,,,https://sktn3pub.s3.us-east-2.amazonaws.com/no_image.jpg
青春デンデケデケデケ,芦原すなお,直木賞,芦原すなお__青春デンデケデケデケ,4591103234,,https://sktn3pub.s3.us-east-2.amazonaws.com/no_image.jpg
青果の市,芝木好子,芥川賞,芝木好子__青果の市,,,https://sktn3pub.s3.us-east-2.amazonaws.com/no_image.jpg
青桐,木崎さと子,芥川賞,木崎さと子__青桐,4167465019,,https://sktn3pub.s3.us-east-2.amazonaws.com/no_image.jpg
青玉獅子香炉,陳舜臣,直木賞,陳舜臣__青玉獅子香炉,4093524610,,https://sktn3pub.s3.us-east-2.amazonaws.com/no_image.jpg
面・刺青,富田常雄,直木賞,富田常雄__面・刺青,,,https://sktn3pub.s3.us-east-2.amazonaws.com/no_image.jpg
顔に降りかかる雨,桐野夏生,江戸川乱歩賞,桐野夏生__顔に降りかかる雨,4062936801,https://calil.jp/book/4062066688,https://images-na.ssl-images-amazon.com/images/P/4062066688.09.LZZZZZZZ
風に舞いあがるビニールシート,森絵都,直木賞,森絵都__風に舞いあがるビニールシート,4163249206,https://calil.jp/book/4163249206,https://images-na.ssl-images-amazon.com/images/P/4163249206.09.LZZZZZZZ
風のターン・ロード,石井敏弘,江戸川乱歩賞,石井敏弘__風のターン・ロード,4062738481,,https://sktn3pub.s3.us-east-2.amazonaws.com/no_image.jpg
飼育,大江健三郎,芥川賞,大江健三郎__飼育,4101126011,,https://sktn3pub.s3.us-east-2.amazonaws.com/no_image.jpg
首里の馬,高山羽根子,芥川賞,高山羽根子__首里の馬,4103533811,https://calil.jp/book/4103533811,https://images-na.ssl-images-amazon.com/images/P/4103533811.09.LZZZZZZZ
香港,邱永漢,直木賞,邱永漢__香港,4408320137,,https://sktn3pub.s3.us-east-2.amazonaws.com/no_image.jpg
馬淵川,渡邊喜恵子,直木賞,渡邊喜恵子__馬淵川,4620101222,,https://sktn3pub.s3.us-east-2.amazonaws.com/no_image.jpg
驟雨・その他,吉行淳之介,芥川賞,吉行淳之介__驟雨・その他,,,https://sktn3pub.s3.us-east-2.amazonaws.com/no_image.jpg
高円寺純情商店街,ねじめ正一,直木賞,ねじめ正一__高円寺純情商店街,4103722045,,https://sktn3pub.s3.us-east-2.amazonaws.com/no_image.jpg
高安犬物語,戸川幸夫,直木賞,戸川幸夫__高安犬物語,4270101776,,https://sktn3pub.s3.us-east-2.amazonaws.com/no_image.jpg
高層の死角,森村誠一,江戸川乱歩賞,森村誠一__高層の死角,4334025471,,https://sktn3pub.s3.us-east-2.amazonaws.com/no_image.jpg
鬼の詩,藤本義一,直木賞,藤本義一__鬼の詩,4309412165,,https://sktn3pub.s3.us-east-2.amazonaws.com/no_image.jpg
魚河岸ものがたり,森田誠吾,直木賞,森田誠吾__魚河岸ものがたり,4103387025,,https://sktn3pub.s3.us-east-2.amazonaws.com/no_image.jpg
鯨神,宇能鴻一郎,芥川賞,宇能鴻一郎__鯨神,4122008425,,https://sktn3pub.s3.us-east-2.amazonaws.com/no_image.jpg
鶏騒動,半田義之,芥川賞,半田義之__鶏騒動,,,https://sktn3pub.s3.us-east-2.amazonaws.com/no_image.jpg
鶴八鶴次郎・風流深川唄・その他,川口松太郎,直木賞,川口松太郎__鶴八鶴次郎・風流深川唄・その他,4334774881,,https://sktn3pub.s3.us-east-2.amazonaws.com/no_image.jpg
鶸,三木卓,芥川賞,三木卓__鶸,4087500101,,https://sktn3pub.s3.us-east-2.amazonaws.com/no_image.jpg
鷺と雪,北村薫,直木賞,北村薫__鷺と雪,416758607X,https://calil.jp/book/4163280804,https://images-na.ssl-images-amazon.com/images/P/4163280804.09.LZZZZZZZ
鹿の王,上橋菜穂子,本屋大賞,上橋菜穂子__鹿の王,4041055105,https://calil.jp/book/4041018889,https://images-na.ssl-images-amazon.com/images/P/4041018889.09.LZZZZZZZ
黄色い牙,志茂田景樹,直木賞,志茂田景樹__黄色い牙,4916158741,,https://sktn3pub.s3.us-east-2.amazonaws.com/no_image.jpg
黄金流砂,中津文彦,江戸川乱歩賞,中津文彦__黄金流砂,4062735318,,https://sktn3pub.s3.us-east-2.amazonaws.com/no_image.jpg
黒パン俘虜記,胡桃沢耕史,直木賞,胡桃沢耕史__黒パン俘虜記,4163074201,,https://sktn3pub.s3.us-east-2.amazonaws.com/no_image.jpg
黒牢城,米澤穂信,直木賞,米澤穂信__黒牢城,4041147220,https://calil.jp/book/4041113938,https://images-na.ssl-images-amazon.com/images/P/4041113938.09.LZZZZZZZ
黛家の兄弟,砂原浩太朗,山本周五郎賞,砂原浩太朗__黛家の兄弟,4065263816,https://calil.jp/book/4065263816,https://images-na.ssl-images-amazon.com/images/P/4065263816.09.LZZZZZZZ
ａｂさんご,黒田夏子,芥川賞,黒田夏子__ａｂさんご,4167903997,https://calil.jp/book/4163820000,https://images-na.ssl-images-amazon.com/images/P/4163820000.09.LZZZZZZZ